sequence_number,sequence,complete,length,document_name,link,sequences
1,ta-pi,False,2,ARKH 1a,https://sigla.phis.me/document/ARKH%201a/,6
2,ki,False,1,ARKH 1a,https://sigla.phis.me/document/ARKH%201a/,6
3,a-ra,False,2,ARKH 1a,https://sigla.phis.me/document/ARKH%201a/,6
4,a-su-mi-*118,False,4,ARKH 1a,https://sigla.phis.me/document/ARKH%201a/,6
5,a-pa-[?],False,3,ARKH 1a,https://sigla.phis.me/document/ARKH%201a/,6
6,mi-ki-sa-ne,False,4,ARKH 1a,https://sigla.phis.me/document/ARKH%201a/,6
1,a,False,1,ARKH 1b,https://sigla.phis.me/document/ARKH%201b/,4
2,ja-re,False,2,ARKH 1b,https://sigla.phis.me/document/ARKH%201b/,4
3,*56,False,1,ARKH 1b,https://sigla.phis.me/document/ARKH%201b/,4
4,na,False,1,ARKH 1b,https://sigla.phis.me/document/ARKH%201b/,4
1,si-da-te,True,3,ARKH 2,https://sigla.phis.me/document/ARKH%202/,6
2,ku-ra-*131b,True,3,ARKH 2,https://sigla.phis.me/document/ARKH%202/,6
3,a-si-da-to-i,True,5,ARKH 2,https://sigla.phis.me/document/ARKH%202/,6
4,*79-A301-se-de-qif-*118,True,6,ARKH 2,https://sigla.phis.me/document/ARKH%202/,6
5,a-su-pu-wa,True,4,ARKH 2,https://sigla.phis.me/document/ARKH%202/,6
6,ru-mi,False,2,ARKH 2,https://sigla.phis.me/document/ARKH%202/,6
1,ka-ne,False,2,ARKH 3a,https://sigla.phis.me/document/ARKH%203a/,3
2,ki-nu,False,2,ARKH 3a,https://sigla.phis.me/document/ARKH%203a/,3
3,ku,False,1,ARKH 3a,https://sigla.phis.me/document/ARKH%203a/,3
1,[?]-ja-pi,False,3,ARKH 3b,https://sigla.phis.me/document/ARKH%203b/,2
2,pi-A314,False,2,ARKH 3b,https://sigla.phis.me/document/ARKH%203b/,2
1,[?]-ni-ta,False,3,ARKH 4a,https://sigla.phis.me/document/ARKH%204a/,5
2,ta,False,1,ARKH 4a,https://sigla.phis.me/document/ARKH%204a/,5
3,a-[?]-[?]-ju,False,4,ARKH 4a,https://sigla.phis.me/document/ARKH%204a/,5
4,de-su-[?]-*47-te,False,5,ARKH 4a,https://sigla.phis.me/document/ARKH%204a/,5
5,pi-ti-ne-a-[?],False,5,ARKH 4a,https://sigla.phis.me/document/ARKH%204a/,5
1,[?]-re,False,2,ARKH 4b,https://sigla.phis.me/document/ARKH%204b/,6
2,u,False,1,ARKH 4b,https://sigla.phis.me/document/ARKH%204b/,6
3,de-mi,False,2,ARKH 4b,https://sigla.phis.me/document/ARKH%204b/,6
4,i-*47,False,2,ARKH 4b,https://sigla.phis.me/document/ARKH%204b/,6
5,a-ki-ro,True,3,ARKH 4b,https://sigla.phis.me/document/ARKH%204b/,6
6,za-si-*79,False,3,ARKH 4b,https://sigla.phis.me/document/ARKH%204b/,6
1,a-du-ni-ta-na,True,5,ARKH 5,https://sigla.phis.me/document/ARKH%205/,3
2,a-da-ro,True,3,ARKH 5,https://sigla.phis.me/document/ARKH%205/,3
3,a,False,1,ARKH 5,https://sigla.phis.me/document/ARKH%205/,3
1,da-na-tu,True,3,ARKH 6,https://sigla.phis.me/document/ARKH%206/,3
2,ku,False,1,ARKH 6,https://sigla.phis.me/document/ARKH%206/,3
3,[?]-ri,False,2,ARKH 6,https://sigla.phis.me/document/ARKH%206/,3
1,[?],False,1,ARKH 7,https://sigla.phis.me/document/ARKH%207/,1
1,a-sa-su-ma-i-se,True,6,GO Wc 1a,https://sigla.phis.me/document/GO%20Wc%201a/,1
1,qe-ra2-u,True,3,HT 1,https://sigla.phis.me/document/HT%201/,6
2,ki-ro,True,2,HT 1,https://sigla.phis.me/document/HT%201/,6
3,*79-su,True,2,HT 1,https://sigla.phis.me/document/HT%201/,6
4,di-di-za-ke,True,4,HT 1,https://sigla.phis.me/document/HT%201/,6
5,ku-*56-nu,True,3,HT 1,https://sigla.phis.me/document/HT%201/,6
6,a-ra-na-re,True,4,HT 1,https://sigla.phis.me/document/HT%201/,6
1,ku-ro,True,2,HT 100,https://sigla.phis.me/document/HT%20100/,2
2,sa-ra2,True,2,HT 100,https://sigla.phis.me/document/HT%20100/,2
1,*79-*22f-di,True,3,HT 101,https://sigla.phis.me/document/HT%20101/,4
2,sa-ra2,True,2,HT 101,https://sigla.phis.me/document/HT%20101/,4
3,ku,True,1,HT 101,https://sigla.phis.me/document/HT%20101/,4
4,*56,True,1,HT 101,https://sigla.phis.me/document/HT%20101/,4
1,ka-pa,True,2,HT 102,https://sigla.phis.me/document/HT%20102/,7
2,sa-ra2,True,2,HT 102,https://sigla.phis.me/document/HT%20102/,7
3,*56-ni,True,2,HT 102,https://sigla.phis.me/document/HT%20102/,7
4,di-ri-na,True,3,HT 102,https://sigla.phis.me/document/HT%20102/,7
5,ma-*79,True,2,HT 102,https://sigla.phis.me/document/HT%20102/,7
6,i-ka,True,2,HT 102,https://sigla.phis.me/document/HT%20102/,7
7,ku-ro,True,2,HT 102,https://sigla.phis.me/document/HT%20102/,7
1,u-ta2,True,2,HT 103,https://sigla.phis.me/document/HT%20103/,5
2,*56-da-ku-se-ne,True,5,HT 103,https://sigla.phis.me/document/HT%20103/,5
3,da-ku-na,True,3,HT 103,https://sigla.phis.me/document/HT%20103/,5
4,da-ku-se-ne,True,4,HT 103,https://sigla.phis.me/document/HT%20103/,5
5,ki-ra,True,2,HT 103,https://sigla.phis.me/document/HT%20103/,5
1,ta-pa,True,2,HT 104,https://sigla.phis.me/document/HT%20104/,5
2,da-ku-se-ne-ti,True,5,HT 104,https://sigla.phis.me/document/HT%20104/,5
3,i-du-ti,True,3,HT 104,https://sigla.phis.me/document/HT%20104/,5
4,pa-da-su-ti,True,4,HT 104,https://sigla.phis.me/document/HT%20104/,5
5,ku-ro,True,2,HT 104,https://sigla.phis.me/document/HT%20104/,5
1,ki-re-ta-na,True,4,HT 108,https://sigla.phis.me/document/HT%20108/,4
2,di-na-ro,True,3,HT 108,https://sigla.phis.me/document/HT%20108/,4
3,du-su-ni,True,3,HT 108,https://sigla.phis.me/document/HT%20108/,4
4,[?]-ra2-ti-ju,False,4,HT 108,https://sigla.phis.me/document/HT%20108/,4
1,re,False,1,HT 109,https://sigla.phis.me/document/HT%20109/,5
2,[?],False,1,HT 109,https://sigla.phis.me/document/HT%20109/,5
3,ta,False,1,HT 109,https://sigla.phis.me/document/HT%20109/,5
4,ku-ro,True,2,HT 109,https://sigla.phis.me/document/HT%20109/,5
5,a-ra-ju,True,3,HT 109,https://sigla.phis.me/document/HT%20109/,5
1,ku-ni-su,True,3,HT 10a,https://sigla.phis.me/document/HT%2010a/,8
2,sa-ma,True,2,HT 10a,https://sigla.phis.me/document/HT%2010a/,8
3,da-re,True,2,HT 10a,https://sigla.phis.me/document/HT%2010a/,8
4,u-A325-za,True,3,HT 10a,https://sigla.phis.me/document/HT%2010a/,8
5,u-A325-za,True,3,HT 10a,https://sigla.phis.me/document/HT%2010a/,8
6,A305-ru,True,2,HT 10a,https://sigla.phis.me/document/HT%2010a/,8
7,da-ri-da,True,3,HT 10a,https://sigla.phis.me/document/HT%2010a/,8
8,me-za,True,2,HT 10a,https://sigla.phis.me/document/HT%2010a/,8
1,u-ti,True,2,HT 10b,https://sigla.phis.me/document/HT%2010b/,6
2,da-re,True,2,HT 10b,https://sigla.phis.me/document/HT%2010b/,6
3,ta-ri-na,True,3,HT 10b,https://sigla.phis.me/document/HT%2010b/,6
4,A312-ta,True,2,HT 10b,https://sigla.phis.me/document/HT%2010b/,6
5,ka-sa-ru,True,3,HT 10b,https://sigla.phis.me/document/HT%2010b/,6
6,ta-na-ti,True,3,HT 10b,https://sigla.phis.me/document/HT%2010b/,6
1,si-du-*34-ku-mi,True,5,HT 110a,https://sigla.phis.me/document/HT%20110a/,4
2,ku-pa,True,2,HT 110a,https://sigla.phis.me/document/HT%20110a/,4
3,ku-ro,True,2,HT 110a,https://sigla.phis.me/document/HT%20110a/,4
4,[?],False,1,HT 110a,https://sigla.phis.me/document/HT%20110a/,4
1,[?],False,1,HT 110b,https://sigla.phis.me/document/HT%20110b/,2
2,ro,False,1,HT 110b,https://sigla.phis.me/document/HT%20110b/,2
1,[?],False,1,HT 112a,https://sigla.phis.me/document/HT%20112a/,2
2,tu-pa,False,2,HT 112a,https://sigla.phis.me/document/HT%20112a/,2
1,[?],False,1,HT 112b,https://sigla.phis.me/document/HT%20112b/,1
1,mi-[?],False,2,HT 113 ter,https://sigla.phis.me/document/HT%20113%20ter/,1
1,ra-ri-de,False,3,HT 113,https://sigla.phis.me/document/HT%20113/,2
2,wi-sa,False,2,HT 113,https://sigla.phis.me/document/HT%20113/,2
1,ki-ri-ta2,True,3,HT 114a,https://sigla.phis.me/document/HT%20114a/,2
2,sa-ra2,True,2,HT 114a,https://sigla.phis.me/document/HT%20114a/,2
1,*47-nu-ra-*56,True,4,HT 115a,https://sigla.phis.me/document/HT%20115a/,7
2,ri-ta-ma-nu-wi,True,5,HT 115a,https://sigla.phis.me/document/HT%20115a/,7
3,na-qif-ne-mi-na,True,5,HT 115a,https://sigla.phis.me/document/HT%20115a/,7
4,se-ku-tu,True,3,HT 115a,https://sigla.phis.me/document/HT%20115a/,7
5,pa-ra-ne,True,3,HT 115a,https://sigla.phis.me/document/HT%20115a/,7
6,a-se-ja-A718,True,4,HT 115a,https://sigla.phis.me/document/HT%20115a/,7
7,ka-po-ru,False,3,HT 115a,https://sigla.phis.me/document/HT%20115a/,7
1,ru,False,1,HT 115b,https://sigla.phis.me/document/HT%20115b/,9
2,pa-ra-ne,True,3,HT 115b,https://sigla.phis.me/document/HT%20115b/,9
3,ti-nu-ja,True,3,HT 115b,https://sigla.phis.me/document/HT%20115b/,9
4,nu-wi,True,2,HT 115b,https://sigla.phis.me/document/HT%20115b/,9
5,du-*56-na,True,3,HT 115b,https://sigla.phis.me/document/HT%20115b/,9
6,ku-ru-ma,True,3,HT 115b,https://sigla.phis.me/document/HT%20115b/,9
7,A306-tu-ja,True,3,HT 115b,https://sigla.phis.me/document/HT%20115b/,9
8,a-i-[?]-[?],False,4,HT 115b,https://sigla.phis.me/document/HT%20115b/,9
9,ku-ta,False,2,HT 115b,https://sigla.phis.me/document/HT%20115b/,9
1,u-ta-ro,True,3,HT 116a,https://sigla.phis.me/document/HT%20116a/,6
2,ku-pa-ja,True,3,HT 116a,https://sigla.phis.me/document/HT%20116a/,6
3,pu-ra2,True,2,HT 116a,https://sigla.phis.me/document/HT%20116a/,6
4,pi-*34-te,True,3,HT 116a,https://sigla.phis.me/document/HT%20116a/,6
5,si-ki-ne,True,3,HT 116a,https://sigla.phis.me/document/HT%20116a/,6
6,qa-nu-ma,True,3,HT 116a,https://sigla.phis.me/document/HT%20116a/,6
1,ku-ro,True,2,HT 116b,https://sigla.phis.me/document/HT%20116b/,1
1,ma-ka-ri-te,True,4,HT 117a,https://sigla.phis.me/document/HT%20117a/,20
2,ki-ro,True,2,HT 117a,https://sigla.phis.me/document/HT%20117a/,20
3,u-mi-na-si,True,4,HT 117a,https://sigla.phis.me/document/HT%20117a/,20
4,u-su,True,2,HT 117a,https://sigla.phis.me/document/HT%20117a/,20
5,mi-tu,True,2,HT 117a,https://sigla.phis.me/document/HT%20117a/,20
6,ku-ra-mu,True,3,HT 117a,https://sigla.phis.me/document/HT%20117a/,20
7,ma-ru,True,2,HT 117a,https://sigla.phis.me/document/HT%20117a/,20
8,ku-*56-nu,True,3,HT 117a,https://sigla.phis.me/document/HT%20117a/,20
9,tu-ju-ma,True,3,HT 117a,https://sigla.phis.me/document/HT%20117a/,20
10,u-di-mi,True,3,HT 117a,https://sigla.phis.me/document/HT%20117a/,20
11,mi-ru-ta-ra-re,True,5,HT 117a,https://sigla.phis.me/document/HT%20117a/,20
12,te-*56-re,True,3,HT 117a,https://sigla.phis.me/document/HT%20117a/,20
13,na-da-re,True,3,HT 117a,https://sigla.phis.me/document/HT%20117a/,20
14,ku-ro,True,2,HT 117a,https://sigla.phis.me/document/HT%20117a/,20
15,sa-ta,True,2,HT 117a,https://sigla.phis.me/document/HT%20117a/,20
16,ku-ku-da-ra,True,4,HT 117a,https://sigla.phis.me/document/HT%20117a/,20
17,ko-sa-i-ti,True,4,HT 117a,https://sigla.phis.me/document/HT%20117a/,20
18,da-mi-nu,True,3,HT 117a,https://sigla.phis.me/document/HT%20117a/,20
19,da-ne-ku-ti,True,4,HT 117a,https://sigla.phis.me/document/HT%20117a/,20
20,ki-da-ro,True,3,HT 117a,https://sigla.phis.me/document/HT%20117a/,20
1,qif-tu-ne,True,3,HT 117b,https://sigla.phis.me/document/HT%20117b/,3
2,ku-re-ju,True,3,HT 117b,https://sigla.phis.me/document/HT%20117b/,3
3,di-ki-se,True,3,HT 117b,https://sigla.phis.me/document/HT%20117b/,3
1,ma-di,True,2,HT 118,https://sigla.phis.me/document/HT%20118/,5
2,qa-qa-ru,True,3,HT 118,https://sigla.phis.me/document/HT%20118/,5
3,a-ri-su,True,3,HT 118,https://sigla.phis.me/document/HT%20118/,5
4,ri-ru-ma,True,3,HT 118,https://sigla.phis.me/document/HT%20118/,5
5,ku-ro,True,2,HT 118,https://sigla.phis.me/document/HT%20118/,5
1,ri-mi-si,True,3,HT 119,https://sigla.phis.me/document/HT%20119/,7
2,ko-ja,True,2,HT 119,https://sigla.phis.me/document/HT%20119/,7
3,ku-*56-na-tu,True,4,HT 119,https://sigla.phis.me/document/HT%20119/,7
4,ja-A345,True,2,HT 119,https://sigla.phis.me/document/HT%20119/,7
5,A306-tu,True,2,HT 119,https://sigla.phis.me/document/HT%20119/,7
6,A327-ju,True,2,HT 119,https://sigla.phis.me/document/HT%20119/,7
7,ku-ro,True,2,HT 119,https://sigla.phis.me/document/HT%20119/,7
1,a-ru-ra-[?],False,4,HT 11a,https://sigla.phis.me/document/HT%2011a/,6
2,ka-ro-na,True,3,HT 11a,https://sigla.phis.me/document/HT%2011a/,6
3,A322-ri,True,2,HT 11a,https://sigla.phis.me/document/HT%2011a/,6
4,ku-ro,True,2,HT 11a,https://sigla.phis.me/document/HT%2011a/,6
5,a-su-ja,True,3,HT 11a,https://sigla.phis.me/document/HT%2011a/,6
6,*100-i,True,2,HT 11a,https://sigla.phis.me/document/HT%2011a/,6
1,de-nu,False,2,HT 11b,https://sigla.phis.me/document/HT%2011b/,6
2,ru-ra2,True,2,HT 11b,https://sigla.phis.me/document/HT%2011b/,6
3,*86,True,1,HT 11b,https://sigla.phis.me/document/HT%2011b/,6
4,ru-*79-na,True,3,HT 11b,https://sigla.phis.me/document/HT%2011b/,6
5,sa-qe-ri,True,3,HT 11b,https://sigla.phis.me/document/HT%2011b/,6
6,ku-ro,True,2,HT 11b,https://sigla.phis.me/document/HT%2011b/,6
1,qa-ti-da-te,True,4,HT 12,https://sigla.phis.me/document/HT%2012/,3
2,qe-tu-ne,True,3,HT 12,https://sigla.phis.me/document/HT%2012/,3
3,da-i,True,2,HT 12,https://sigla.phis.me/document/HT%2012/,3
1,da-qe-ra,True,3,HT 120,https://sigla.phis.me/document/HT%20120/,5
2,da-me,True,2,HT 120,https://sigla.phis.me/document/HT%20120/,5
3,da-u-*49,True,3,HT 120,https://sigla.phis.me/document/HT%20120/,5
4,ki-re-ta-na,True,4,HT 120,https://sigla.phis.me/document/HT%20120/,5
5,pa-i-to,True,3,HT 120,https://sigla.phis.me/document/HT%20120/,5
1,ki-ri-ta2,True,3,HT 121,https://sigla.phis.me/document/HT%20121/,2
2,sa-ra2,True,2,HT 121,https://sigla.phis.me/document/HT%20121/,2
1,ra-ri,False,2,HT 122a,https://sigla.phis.me/document/HT%20122a/,19
2,u-de-za,True,3,HT 122a,https://sigla.phis.me/document/HT%20122a/,19
3,da-si-*118,True,3,HT 122a,https://sigla.phis.me/document/HT%20122a/,19
4,pa,False,1,HT 122a,https://sigla.phis.me/document/HT%20122a/,19
5,di,False,1,HT 122a,https://sigla.phis.me/document/HT%20122a/,19
6,te-ki,True,2,HT 122a,https://sigla.phis.me/document/HT%20122a/,19
7,qa-A310-i,True,3,HT 122a,https://sigla.phis.me/document/HT%20122a/,19
8,ja-mi-da-re,True,4,HT 122a,https://sigla.phis.me/document/HT%20122a/,19
9,si-da-re,True,3,HT 122a,https://sigla.phis.me/document/HT%20122a/,19
10,A324-di-ra,True,3,HT 122a,https://sigla.phis.me/document/HT%20122a/,19
11,pa-de,True,2,HT 122a,https://sigla.phis.me/document/HT%20122a/,19
12,ku-*56-nu,True,3,HT 122a,https://sigla.phis.me/document/HT%20122a/,19
13,pa-ri-ne,True,3,HT 122a,https://sigla.phis.me/document/HT%20122a/,19
14,A306-tu,True,2,HT 122a,https://sigla.phis.me/document/HT%20122a/,19
15,du,False,1,HT 122a,https://sigla.phis.me/document/HT%20122a/,19
16,ku-*56-nu,True,3,HT 122a,https://sigla.phis.me/document/HT%20122a/,19
17,da-ri-da,True,3,HT 122a,https://sigla.phis.me/document/HT%20122a/,19
18,ku-ro,True,2,HT 122a,https://sigla.phis.me/document/HT%20122a/,19
19,ku-da,True,2,HT 122a,https://sigla.phis.me/document/HT%20122a/,19
1,je-di,True,2,HT 122b,https://sigla.phis.me/document/HT%20122b/,8
2,A306-ki-ta2,False,3,HT 122b,https://sigla.phis.me/document/HT%20122b/,8
3,[?],False,1,HT 122b,https://sigla.phis.me/document/HT%20122b/,8
4,a-ra-ju-u-de-za,False,6,HT 122b,https://sigla.phis.me/document/HT%20122b/,8
5,qa-qa-ru,True,3,HT 122b,https://sigla.phis.me/document/HT%20122b/,8
6,da-re,True,2,HT 122b,https://sigla.phis.me/document/HT%20122b/,8
7,ku-ro,True,2,HT 122b,https://sigla.phis.me/document/HT%20122b/,8
8,po-to-ku-ro,True,4,HT 122b,https://sigla.phis.me/document/HT%20122b/,8
1,ki-ta-i,True,3,HT 123a,https://sigla.phis.me/document/HT%20123a/,12
2,A308,True,1,HT 123a,https://sigla.phis.me/document/HT%20123a/,12
3,ki-ro,True,2,HT 123a,https://sigla.phis.me/document/HT%20123a/,12
4,pu-*131a,True,2,HT 123a,https://sigla.phis.me/document/HT%20123a/,12
5,ki-ro,True,2,HT 123a,https://sigla.phis.me/document/HT%20123a/,12
6,sa-ru,True,2,HT 123a,https://sigla.phis.me/document/HT%20123a/,12
7,ki-ro,True,2,HT 123a,https://sigla.phis.me/document/HT%20123a/,12
8,da-ki,True,2,HT 123a,https://sigla.phis.me/document/HT%20123a/,12
9,ki-ro,True,2,HT 123a,https://sigla.phis.me/document/HT%20123a/,12
10,ku-ro,True,2,HT 123a,https://sigla.phis.me/document/HT%20123a/,12
11,ku-ro,True,2,HT 123a,https://sigla.phis.me/document/HT%20123a/,12
12,ki-ro,True,2,HT 123a,https://sigla.phis.me/document/HT%20123a/,12
1,ti-da-ta,True,3,HT 123b,https://sigla.phis.me/document/HT%20123b/,10
2,pi-sa,True,2,HT 123b,https://sigla.phis.me/document/HT%20123b/,10
3,*188,True,1,HT 123b,https://sigla.phis.me/document/HT%20123b/,10
4,du,True,1,HT 123b,https://sigla.phis.me/document/HT%20123b/,10
5,tu-ro-di-da,True,4,HT 123b,https://sigla.phis.me/document/HT%20123b/,10
6,ka-na,False,2,HT 123b,https://sigla.phis.me/document/HT%20123b/,10
7,si-du,False,2,HT 123b,https://sigla.phis.me/document/HT%20123b/,10
8,du-ma-i-na,True,4,HT 123b,https://sigla.phis.me/document/HT%20123b/,10
9,ku-ro,True,2,HT 123b,https://sigla.phis.me/document/HT%20123b/,10
10,ki-ro,True,2,HT 123b,https://sigla.phis.me/document/HT%20123b/,10
1,da-na-si,True,3,HT 126a,https://sigla.phis.me/document/HT%20126a/,6
2,a-na-[?],False,3,HT 126a,https://sigla.phis.me/document/HT%20126a/,6
3,u,False,1,HT 126a,https://sigla.phis.me/document/HT%20126a/,6
4,si-di-ja,True,3,HT 126a,https://sigla.phis.me/document/HT%20126a/,6
5,u-*49,True,2,HT 126a,https://sigla.phis.me/document/HT%20126a/,6
6,pi,False,1,HT 126a,https://sigla.phis.me/document/HT%20126a/,6
1,du-ne-mi,True,3,HT 127a,https://sigla.phis.me/document/HT%20127a/,2
2,A629-da-*47-ku,True,4,HT 127a,https://sigla.phis.me/document/HT%20127a/,2
1,ne,False,1,HT 127b,https://sigla.phis.me/document/HT%20127b/,3
2,ku-ro,True,2,HT 127b,https://sigla.phis.me/document/HT%20127b/,3
3,ku-ro,True,2,HT 127b,https://sigla.phis.me/document/HT%20127b/,3
1,pa-ra,True,2,HT 128a,https://sigla.phis.me/document/HT%20128a/,7
2,tu-ru-*56-se-me,True,5,HT 128a,https://sigla.phis.me/document/HT%20128a/,7
3,wa-tu-ma-re,True,4,HT 128a,https://sigla.phis.me/document/HT%20128a/,7
4,mi-ta,False,2,HT 128a,https://sigla.phis.me/document/HT%20128a/,7
5,di,False,1,HT 128a,https://sigla.phis.me/document/HT%20128a/,7
6,A579,False,1,HT 128a,https://sigla.phis.me/document/HT%20128a/,7
7,ma-ri,True,2,HT 128a,https://sigla.phis.me/document/HT%20128a/,7
1,*100-A329,True,2,HT 128b,https://sigla.phis.me/document/HT%20128b/,2
2,ru-[?],False,2,HT 128b,https://sigla.phis.me/document/HT%20128b/,2
1,tu-ru-ta2,True,3,HT 129,https://sigla.phis.me/document/HT%20129/,2
2,qif-ri-na-AB120/GRA,True,4,HT 129,https://sigla.phis.me/document/HT%20129/,2
1,ka-u-de-ta,True,4,HT 13,https://sigla.phis.me/document/HT%2013/,8
2,re-za,True,2,HT 13,https://sigla.phis.me/document/HT%2013/,8
3,te-tu,True,2,HT 13,https://sigla.phis.me/document/HT%2013/,8
4,te-ki,True,2,HT 13,https://sigla.phis.me/document/HT%2013/,8
5,ku-*79-ni,True,3,HT 13,https://sigla.phis.me/document/HT%2013/,8
6,da-si-*118,True,3,HT 13,https://sigla.phis.me/document/HT%2013/,8
7,i-du-ne-si,True,4,HT 13,https://sigla.phis.me/document/HT%2013/,8
8,ku-ro,True,2,HT 13,https://sigla.phis.me/document/HT%2013/,8
1,sa-ra2,False,2,HT 130,https://sigla.phis.me/document/HT%20130/,3
2,ro,False,1,HT 130,https://sigla.phis.me/document/HT%20130/,3
3,AB41,False,1,HT 130,https://sigla.phis.me/document/HT%20130/,3
1,[?],False,1,HT 131a,https://sigla.phis.me/document/HT%20131a/,2
2,i-qa-*118,True,3,HT 131a,https://sigla.phis.me/document/HT%20131a/,2
1,[?],False,1,HT 131b,https://sigla.phis.me/document/HT%20131b/,2
2,po-to-ku-ro,True,4,HT 131b,https://sigla.phis.me/document/HT%20131b/,2
1,a-se,True,2,HT 132,https://sigla.phis.me/document/HT%20132/,2
2,qa-re-to,True,3,HT 132,https://sigla.phis.me/document/HT%20132/,2
1,a-du,True,2,HT 133,https://sigla.phis.me/document/HT%20133/,1
1,ne-mi-na,False,3,HT 135a,https://sigla.phis.me/document/HT%20135a/,5
2,mi-tu,False,2,HT 135a,https://sigla.phis.me/document/HT%20135a/,5
3,mi-ka,False,2,HT 135a,https://sigla.phis.me/document/HT%20135a/,5
4,na-qif-ne,False,3,HT 135a,https://sigla.phis.me/document/HT%20135a/,5
5,mi,False,1,HT 135a,https://sigla.phis.me/document/HT%20135a/,5
1,[?]-*34-ta-ne,False,4,HT 135b,https://sigla.phis.me/document/HT%20135b/,1
1,[?]-[?],False,2,HT 136a,https://sigla.phis.me/document/HT%20136a/,1
1,[?],False,1,HT 137,https://sigla.phis.me/document/HT%20137/,3
2,[?],False,1,HT 137,https://sigla.phis.me/document/HT%20137/,3
3,ta2,False,1,HT 137,https://sigla.phis.me/document/HT%20137/,3
1,[?]-pu-ma-ku,False,4,HT 139,https://sigla.phis.me/document/HT%20139/,2
2,ka-ra2,False,2,HT 139,https://sigla.phis.me/document/HT%20139/,2
1,pu-*131a,True,2,HT 14,https://sigla.phis.me/document/HT%2014/,2
2,a-pu2-na-du,True,4,HT 14,https://sigla.phis.me/document/HT%2014/,2
1,u-*34-si,True,3,HT 140,https://sigla.phis.me/document/HT%20140/,7
2,*86-si-ni,True,3,HT 140,https://sigla.phis.me/document/HT%20140/,7
3,je-di,True,2,HT 140,https://sigla.phis.me/document/HT%20140/,7
4,u-*34-si,True,3,HT 140,https://sigla.phis.me/document/HT%20140/,7
5,[?]-*118-ka,False,3,HT 140,https://sigla.phis.me/document/HT%20140/,7
6,ka-ma,True,2,HT 140,https://sigla.phis.me/document/HT%20140/,7
7,ka-pa,True,2,HT 140,https://sigla.phis.me/document/HT%20140/,7
1,[?]-a-ri,False,3,HT 141,https://sigla.phis.me/document/HT%20141/,2
2,ru-di,False,2,HT 141,https://sigla.phis.me/document/HT%20141/,2
1,[?],False,1,HT 142,https://sigla.phis.me/document/HT%20142/,1
1,[?],False,1,HT 144,https://sigla.phis.me/document/HT%20144/,3
2,o,False,1,HT 144,https://sigla.phis.me/document/HT%20144/,3
3,[?],False,1,HT 144,https://sigla.phis.me/document/HT%20144/,3
1,qe,False,1,HT 146,https://sigla.phis.me/document/HT%20146/,3
2,ri-A305,False,2,HT 146,https://sigla.phis.me/document/HT%20146/,3
3,ri-ka-ta,True,3,HT 146,https://sigla.phis.me/document/HT%20146/,3
1,ra,False,1,HT 147,https://sigla.phis.me/document/HT%20147/,1
1,u-*34-si,True,3,HT 15,https://sigla.phis.me/document/HT%2015/,3
2,du-*123-a,True,3,HT 15,https://sigla.phis.me/document/HT%2015/,3
3,ki-ro,True,2,HT 15,https://sigla.phis.me/document/HT%2015/,3
1,ti,False,1,HT 154,https://sigla.phis.me/document/HT%20154/,2
2,ki,False,1,HT 154,https://sigla.phis.me/document/HT%20154/,2
1,tu-me-pa-ja,False,4,HT 154A,https://sigla.phis.me/document/HT%20154A/,3
2,[?],False,1,HT 154A,https://sigla.phis.me/document/HT%20154A/,3
3,[?],False,1,HT 154A,https://sigla.phis.me/document/HT%20154A/,3
1,na-mi,False,2,HT 154C,https://sigla.phis.me/document/HT%20154C/,2
2,[?],False,1,HT 154C,https://sigla.phis.me/document/HT%20154C/,2
1,[?]-[?],False,2,HT 154E,https://sigla.phis.me/document/HT%20154E/,1
1,[?],False,1,HT 154G,https://sigla.phis.me/document/HT%20154G/,1
1,nu-re,False,2,HT 154Ja,https://sigla.phis.me/document/HT%20154Ja/,1
1,[?],False,1,HT 154Jb,https://sigla.phis.me/document/HT%20154Jb/,1
1,[?],False,1,HT 154K,https://sigla.phis.me/document/HT%20154K/,2
2,[?],False,1,HT 154K,https://sigla.phis.me/document/HT%20154K/,2
1,[?],False,1,HT 154M,https://sigla.phis.me/document/HT%20154M/,2
2,[?],False,1,HT 154M,https://sigla.phis.me/document/HT%20154M/,2
1,si,False,1,HT 154N,https://sigla.phis.me/document/HT%20154N/,2
2,si,False,1,HT 154N,https://sigla.phis.me/document/HT%20154N/,2
1,ka-ku-pa,True,3,HT 16,https://sigla.phis.me/document/HT%2016/,3
2,di-na-u,True,3,HT 16,https://sigla.phis.me/document/HT%2016/,3
3,sa-po,True,2,HT 16,https://sigla.phis.me/document/HT%2016/,3
1,ra-*164a-ti,True,3,HT 17,https://sigla.phis.me/document/HT%2017/,3
2,sa-ro,True,2,HT 17,https://sigla.phis.me/document/HT%2017/,3
3,si-da-re,True,3,HT 17,https://sigla.phis.me/document/HT%2017/,3
1,pa-se,True,2,HT 18,https://sigla.phis.me/document/HT%2018/,2
2,sa-ra2,True,2,HT 18,https://sigla.phis.me/document/HT%2018/,2
1,ra-*164a-ti,True,3,HT 19,https://sigla.phis.me/document/HT%2019/,3
2,sa-ro,True,2,HT 19,https://sigla.phis.me/document/HT%2019/,3
3,du-me-di,True,3,HT 19,https://sigla.phis.me/document/HT%2019/,3
1,a-ka-ru,True,3,HT 2,https://sigla.phis.me/document/HT%202/,2
2,ki-re-ta-na,False,4,HT 2,https://sigla.phis.me/document/HT%202/,2
1,pa-ro-su,True,3,HT 20,https://sigla.phis.me/document/HT%2020/,4
2,ku-ma-ju,True,3,HT 20,https://sigla.phis.me/document/HT%2020/,4
3,qe-ku-re,True,3,HT 20,https://sigla.phis.me/document/HT%2020/,4
4,sa-re-ju,True,3,HT 20,https://sigla.phis.me/document/HT%2020/,4
1,pi-ta-ka-se,True,4,HT 21,https://sigla.phis.me/document/HT%2021/,1
1,ka-na,True,2,HT 23a,https://sigla.phis.me/document/HT%2023a/,4
2,qif-ri-tu-qa,True,4,HT 23a,https://sigla.phis.me/document/HT%2023a/,4
3,sa-sa-me,True,3,HT 23a,https://sigla.phis.me/document/HT%2023a/,4
4,ko-ru,True,2,HT 23a,https://sigla.phis.me/document/HT%2023a/,4
1,ni-ra,True,2,HT 23b,https://sigla.phis.me/document/HT%2023b/,4
2,mu,False,1,HT 23b,https://sigla.phis.me/document/HT%2023b/,4
3,pu,False,1,HT 23b,https://sigla.phis.me/document/HT%2023b/,4
4,[?],False,1,HT 23b,https://sigla.phis.me/document/HT%2023b/,4
1,ku-*56-ri-ja,True,4,HT 24a,https://sigla.phis.me/document/HT%2024a/,3
2,pa-sa-ri-ja,True,4,HT 24a,https://sigla.phis.me/document/HT%2024a/,3
3,ru-i-ko,True,3,HT 24a,https://sigla.phis.me/document/HT%2024a/,3
1,di-na-u,False,3,HT 25a,https://sigla.phis.me/document/HT%2025a/,9
2,ru-ni,False,2,HT 25a,https://sigla.phis.me/document/HT%2025a/,9
3,u-re-wi,True,3,HT 25a,https://sigla.phis.me/document/HT%2025a/,9
4,di-na-u,True,3,HT 25a,https://sigla.phis.me/document/HT%2025a/,9
5,a-ri-ni-ta,True,4,HT 25a,https://sigla.phis.me/document/HT%2025a/,9
6,tu-qe-nu,False,3,HT 25a,https://sigla.phis.me/document/HT%2025a/,9
7,*79-ju-pu2,False,3,HT 25a,https://sigla.phis.me/document/HT%2025a/,9
8,du-ru-wi,True,3,HT 25a,https://sigla.phis.me/document/HT%2025a/,9
9,i-ki-ra,False,3,HT 25a,https://sigla.phis.me/document/HT%2025a/,9
1,[?],False,1,HT 25b,https://sigla.phis.me/document/HT%2025b/,5
2,ku-ro,True,2,HT 25b,https://sigla.phis.me/document/HT%2025b/,5
3,wi-te-ro,True,3,HT 25b,https://sigla.phis.me/document/HT%2025b/,5
4,i-ti,True,2,HT 25b,https://sigla.phis.me/document/HT%2025b/,5
5,ku-ro,True,2,HT 25b,https://sigla.phis.me/document/HT%2025b/,5
1,A312-te-te,True,3,HT 26a,https://sigla.phis.me/document/HT%2026a/,4
2,ta-ti,True,2,HT 26a,https://sigla.phis.me/document/HT%2026a/,4
3,mi-ki-se-na,True,4,HT 26a,https://sigla.phis.me/document/HT%2026a/,4
4,u-nu-qif,True,3,HT 26a,https://sigla.phis.me/document/HT%2026a/,4
1,[?],False,1,HT 26b,https://sigla.phis.me/document/HT%2026b/,5
2,pa-ro-ni,False,3,HT 26b,https://sigla.phis.me/document/HT%2026b/,5
3,ka-u-*79-ni,True,4,HT 26b,https://sigla.phis.me/document/HT%2026b/,5
4,i-A308,True,2,HT 26b,https://sigla.phis.me/document/HT%2026b/,5
5,*188-*86,True,2,HT 26b,https://sigla.phis.me/document/HT%2026b/,5
1,ti-ni-ta,True,3,HT 27a,https://sigla.phis.me/document/HT%2027a/,8
2,i-mi-sa-ra,False,4,HT 27a,https://sigla.phis.me/document/HT%2027a/,8
3,qe,False,1,HT 27a,https://sigla.phis.me/document/HT%2027a/,8
4,ki-da,False,2,HT 27a,https://sigla.phis.me/document/HT%2027a/,8
5,ki-A310,False,2,HT 27a,https://sigla.phis.me/document/HT%2027a/,8
6,ku-A305,False,2,HT 27a,https://sigla.phis.me/document/HT%2027a/,8
7,sa-ra-di,False,3,HT 27a,https://sigla.phis.me/document/HT%2027a/,8
8,ku-ro,True,2,HT 27a,https://sigla.phis.me/document/HT%2027a/,8
1,mi-da,False,2,HT 27b,https://sigla.phis.me/document/HT%2027b/,3
2,[?]-[?],False,2,HT 27b,https://sigla.phis.me/document/HT%2027b/,3
3,pa-se,True,2,HT 27b,https://sigla.phis.me/document/HT%2027b/,3
1,a-si-ja-ka,True,4,HT 28a,https://sigla.phis.me/document/HT%2028a/,5
2,ja-qif,True,2,HT 28a,https://sigla.phis.me/document/HT%2028a/,5
3,sa-*72,True,2,HT 28a,https://sigla.phis.me/document/HT%2028a/,5
4,a-ru-da-ra,True,4,HT 28a,https://sigla.phis.me/document/HT%2028a/,5
5,i-ta-ja,True,3,HT 28a,https://sigla.phis.me/document/HT%2028a/,5
1,a-si-ja-ka,True,4,HT 28b,https://sigla.phis.me/document/HT%2028b/,6
2,u-mi-na-si,True,4,HT 28b,https://sigla.phis.me/document/HT%2028b/,6
3,sa-ra2,True,2,HT 28b,https://sigla.phis.me/document/HT%2028b/,6
4,pu-ra2,True,2,HT 28b,https://sigla.phis.me/document/HT%2028b/,6
5,ja-qif,True,2,HT 28b,https://sigla.phis.me/document/HT%2028b/,6
6,wi-di-na,True,3,HT 28b,https://sigla.phis.me/document/HT%2028b/,6
1,ru-ma-ta,True,3,HT 29,https://sigla.phis.me/document/HT%2029/,7
2,pa-ja-re,True,3,HT 29,https://sigla.phis.me/document/HT%2029/,7
3,di-ja-i,False,3,HT 29,https://sigla.phis.me/document/HT%2029/,7
4,sa-A323-mi,True,3,HT 29,https://sigla.phis.me/document/HT%2029/,7
5,A340-ki-ta,True,3,HT 29,https://sigla.phis.me/document/HT%2029/,7
6,a-re-da-i,True,4,HT 29,https://sigla.phis.me/document/HT%2029/,7
7,ka-du-ma-ne,True,4,HT 29,https://sigla.phis.me/document/HT%2029/,7
1,ma-di,False,2,HT 3,https://sigla.phis.me/document/HT%203/,11
2,di-na,False,2,HT 3,https://sigla.phis.me/document/HT%203/,11
3,qe-ra2-ja,True,3,HT 3,https://sigla.phis.me/document/HT%203/,11
4,[?],False,1,HT 3,https://sigla.phis.me/document/HT%203/,11
5,mu-ru,True,2,HT 3,https://sigla.phis.me/document/HT%203/,11
6,ru,False,1,HT 3,https://sigla.phis.me/document/HT%203/,11
7,si-tu-ra2-re,False,4,HT 3,https://sigla.phis.me/document/HT%203/,11
8,[?],False,1,HT 3,https://sigla.phis.me/document/HT%203/,11
9,ku-*56-nu,False,3,HT 3,https://sigla.phis.me/document/HT%203/,11
10,ma-di,False,2,HT 3,https://sigla.phis.me/document/HT%203/,11
11,da,False,1,HT 3,https://sigla.phis.me/document/HT%203/,11
1,sa-ra2,True,2,HT 30,https://sigla.phis.me/document/HT%2030/,3
2,sa-ra-ra,True,3,HT 30,https://sigla.phis.me/document/HT%2030/,3
3,ki-ro,True,2,HT 30,https://sigla.phis.me/document/HT%2030/,3
1,[?]-ti-sa,False,3,HT 31,https://sigla.phis.me/document/HT%2031/,9
2,pu-ko,True,2,HT 31,https://sigla.phis.me/document/HT%2031/,9
3,qa-*56,True,2,HT 31,https://sigla.phis.me/document/HT%2031/,9
4,su-pu,True,2,HT 31,https://sigla.phis.me/document/HT%2031/,9
5,ka-ro-*56,True,3,HT 31,https://sigla.phis.me/document/HT%2031/,9
6,sa-ja-ma,True,3,HT 31,https://sigla.phis.me/document/HT%2031/,9
7,ki-de-ma-A323-na,True,5,HT 31,https://sigla.phis.me/document/HT%2031/,9
8,su-*56-ra,True,3,HT 31,https://sigla.phis.me/document/HT%2031/,9
9,pa-ta-qe,True,3,HT 31,https://sigla.phis.me/document/HT%2031/,9
1,sa-ra2,True,2,HT 32,https://sigla.phis.me/document/HT%2032/,2
2,su-re,True,2,HT 32,https://sigla.phis.me/document/HT%2032/,2
1,[?],False,1,HT 33,https://sigla.phis.me/document/HT%2033/,2
2,sa-ra2,True,2,HT 33,https://sigla.phis.me/document/HT%2033/,2
1,da-ju-te,True,3,HT 34,https://sigla.phis.me/document/HT%2034/,4
2,si-A516,True,2,HT 34,https://sigla.phis.me/document/HT%2034/,4
3,sa-ra2,True,2,HT 34,https://sigla.phis.me/document/HT%2034/,4
4,ki-ro,True,2,HT 34,https://sigla.phis.me/document/HT%2034/,4
1,ti-ti-ku,True,3,HT 35,https://sigla.phis.me/document/HT%2035/,2
2,i-ku-ta,True,3,HT 35,https://sigla.phis.me/document/HT%2035/,2
1,je-di,True,2,HT 36,https://sigla.phis.me/document/HT%2036/,2
2,du-*79-wa,True,3,HT 36,https://sigla.phis.me/document/HT%2036/,2
1,ka-ki,True,2,HT 37,https://sigla.phis.me/document/HT%2037/,8
2,re-su-[?],False,3,HT 37,https://sigla.phis.me/document/HT%2037/,8
3,[?],False,1,HT 37,https://sigla.phis.me/document/HT%2037/,8
4,ki-A310-re,True,3,HT 37,https://sigla.phis.me/document/HT%2037/,8
5,ki-ro,True,2,HT 37,https://sigla.phis.me/document/HT%2037/,8
6,ka-ki,True,2,HT 37,https://sigla.phis.me/document/HT%2037/,8
7,a-na,True,2,HT 37,https://sigla.phis.me/document/HT%2037/,8
8,[?]-qe,False,2,HT 37,https://sigla.phis.me/document/HT%2037/,8
1,da-ro-pa,True,3,HT 38,https://sigla.phis.me/document/HT%2038/,1
1,ta-i-*123,True,3,HT 39,https://sigla.phis.me/document/HT%2039/,6
2,ku-re-ju,True,3,HT 39,https://sigla.phis.me/document/HT%2039/,6
3,ku,False,1,HT 39,https://sigla.phis.me/document/HT%2039/,6
4,sa-ma-ti,True,3,HT 39,https://sigla.phis.me/document/HT%2039/,6
5,ku-re,False,2,HT 39,https://sigla.phis.me/document/HT%2039/,6
6,ku-ro,True,2,HT 39,https://sigla.phis.me/document/HT%2039/,6
1,[?]-A306-ti-ka-a-re,False,6,HT 4,https://sigla.phis.me/document/HT%204/,4
2,[?]-du-ri-te,False,4,HT 4,https://sigla.phis.me/document/HT%204/,4
3,pa-re,False,2,HT 4,https://sigla.phis.me/document/HT%204/,4
4,ta-pi-si-di,False,4,HT 4,https://sigla.phis.me/document/HT%204/,4
1,nu-du-A331,True,3,HT 40,https://sigla.phis.me/document/HT%2040/,4
2,ki-da-ta,True,3,HT 40,https://sigla.phis.me/document/HT%2040/,4
3,ku-ro,False,2,HT 40,https://sigla.phis.me/document/HT%2040/,4
4,ku,False,1,HT 40,https://sigla.phis.me/document/HT%2040/,4
1,qe-tu,False,2,HT 41a,https://sigla.phis.me/document/HT%2041a/,3
2,mi-da-ni,True,3,HT 41a,https://sigla.phis.me/document/HT%2041a/,3
3,pa-ja,True,2,HT 41a,https://sigla.phis.me/document/HT%2041a/,3
1,[?],False,1,HT 41b,https://sigla.phis.me/document/HT%2041b/,1
1,ta,False,1,HT 42+59,https://sigla.phis.me/document/HT%2042%2B59/,5
2,sa-ro,True,2,HT 42+59,https://sigla.phis.me/document/HT%2042%2B59/,5
3,ku,False,1,HT 42+59,https://sigla.phis.me/document/HT%2042%2B59/,5
4,su-du,False,2,HT 42+59,https://sigla.phis.me/document/HT%2042%2B59/,5
5,re-tu,False,2,HT 42+59,https://sigla.phis.me/document/HT%2042%2B59/,5
1,ma-si-du,True,3,HT 43,https://sigla.phis.me/document/HT%2043/,2
2,pa-A342-i,True,3,HT 43,https://sigla.phis.me/document/HT%2043/,2
1,i-qa-*118,True,3,HT 44a,https://sigla.phis.me/document/HT%2044a/,1
1,ja,False,1,HT 44b,https://sigla.phis.me/document/HT%2044b/,1
1,pa,False,1,HT 45a,https://sigla.phis.me/document/HT%2045a/,1
1,ku,False,1,HT 45b,https://sigla.phis.me/document/HT%2045b/,2
2,ro-[?]-a,False,3,HT 45b,https://sigla.phis.me/document/HT%2045b/,2
1,mu-ru,False,2,HT 46a,https://sigla.phis.me/document/HT%2046a/,3
2,[?],False,1,HT 46a,https://sigla.phis.me/document/HT%2046a/,3
3,ku-ro,True,2,HT 46a,https://sigla.phis.me/document/HT%2046a/,3
1,ka,False,1,HT 47a,https://sigla.phis.me/document/HT%2047a/,8
2,ku-*56-na-tu,True,4,HT 47a,https://sigla.phis.me/document/HT%2047a/,8
3,du,False,1,HT 47a,https://sigla.phis.me/document/HT%2047a/,8
4,u,False,1,HT 47a,https://sigla.phis.me/document/HT%2047a/,8
5,pi,False,1,HT 47a,https://sigla.phis.me/document/HT%2047a/,8
6,ki-da-ro,False,3,HT 47a,https://sigla.phis.me/document/HT%2047a/,8
7,[?],False,1,HT 47a,https://sigla.phis.me/document/HT%2047a/,8
8,mi-nu-mi,False,3,HT 47a,https://sigla.phis.me/document/HT%2047a/,8
1,ra-na-re,False,3,HT 47b,https://sigla.phis.me/document/HT%2047b/,1
1,[?]-ra2-du,False,3,HT 49a,https://sigla.phis.me/document/HT%2049a/,12
2,ta-na-ti,False,3,HT 49a,https://sigla.phis.me/document/HT%2049a/,12
3,[?],False,1,HT 49a,https://sigla.phis.me/document/HT%2049a/,12
4,ri,False,1,HT 49a,https://sigla.phis.me/document/HT%2049a/,12
5,su-ki,False,2,HT 49a,https://sigla.phis.me/document/HT%2049a/,12
6,[?],False,1,HT 49a,https://sigla.phis.me/document/HT%2049a/,12
7,ti-du-ni,True,3,HT 49a,https://sigla.phis.me/document/HT%2049a/,12
8,[?]-[?],False,2,HT 49a,https://sigla.phis.me/document/HT%2049a/,12
9,si-ra,False,2,HT 49a,https://sigla.phis.me/document/HT%2049a/,12
10,a-ru,True,2,HT 49a,https://sigla.phis.me/document/HT%2049a/,12
11,ku-*56-nu,True,3,HT 49a,https://sigla.phis.me/document/HT%2049a/,12
12,tu-su-pu2,True,3,HT 49a,https://sigla.phis.me/document/HT%2049a/,12
1,ku,False,1,HT 49b,https://sigla.phis.me/document/HT%2049b/,7
2,i,False,1,HT 49b,https://sigla.phis.me/document/HT%2049b/,7
3,ta,False,1,HT 49b,https://sigla.phis.me/document/HT%2049b/,7
4,[?],False,1,HT 49b,https://sigla.phis.me/document/HT%2049b/,7
5,ka,False,1,HT 49b,https://sigla.phis.me/document/HT%2049b/,7
6,[?],False,1,HT 49b,https://sigla.phis.me/document/HT%2049b/,7
7,[?],False,1,HT 49b,https://sigla.phis.me/document/HT%2049b/,7
1,A307,False,1,HT 5,https://sigla.phis.me/document/HT%205/,4
2,ma-si,False,2,HT 5,https://sigla.phis.me/document/HT%205/,4
3,[?]-wi-du,False,3,HT 5,https://sigla.phis.me/document/HT%205/,4
4,[?],False,1,HT 5,https://sigla.phis.me/document/HT%205/,4
1,[?],False,1,HT 50a,https://sigla.phis.me/document/HT%2050a/,1
1,[?],False,1,HT 50b,https://sigla.phis.me/document/HT%2050b/,1
1,ti-ni,False,2,HT 51a,https://sigla.phis.me/document/HT%2051a/,2
2,[?]-re,False,2,HT 51a,https://sigla.phis.me/document/HT%2051a/,2
1,ku-me-ta,False,3,HT 51b,https://sigla.phis.me/document/HT%2051b/,3
2,*79-du,False,2,HT 51b,https://sigla.phis.me/document/HT%2051b/,3
3,si,False,1,HT 51b,https://sigla.phis.me/document/HT%2051b/,3
1,sa-ma,True,2,HT 52a,https://sigla.phis.me/document/HT%2052a/,2
2,di-ka-tu,True,3,HT 52a,https://sigla.phis.me/document/HT%2052a/,2
1,ne,False,1,HT 52b,https://sigla.phis.me/document/HT%2052b/,1
1,[?],False,1,HT 53a,https://sigla.phis.me/document/HT%2053a/,5
2,sa-ne,False,2,HT 53a,https://sigla.phis.me/document/HT%2053a/,5
3,[?],False,1,HT 53a,https://sigla.phis.me/document/HT%2053a/,5
4,[?],False,1,HT 53a,https://sigla.phis.me/document/HT%2053a/,5
5,ra,False,1,HT 53a,https://sigla.phis.me/document/HT%2053a/,5
1,[?],False,1,HT 53b,https://sigla.phis.me/document/HT%2053b/,2
2,ku-re,False,2,HT 53b,https://sigla.phis.me/document/HT%2053b/,2
1,[?]-[?],False,2,HT 54a,https://sigla.phis.me/document/HT%2054a/,4
2,ku-mi-na-qe,False,4,HT 54a,https://sigla.phis.me/document/HT%2054a/,4
3,ki,False,1,HT 54a,https://sigla.phis.me/document/HT%2054a/,4
4,mi-ra2,False,2,HT 54a,https://sigla.phis.me/document/HT%2054a/,4
1,ki,False,1,HT 54b,https://sigla.phis.me/document/HT%2054b/,1
1,ki-ro,False,2,HT 55a,https://sigla.phis.me/document/HT%2055a/,6
2,ma-re,True,2,HT 55a,https://sigla.phis.me/document/HT%2055a/,6
3,si-ru,True,2,HT 55a,https://sigla.phis.me/document/HT%2055a/,6
4,ne,False,1,HT 55a,https://sigla.phis.me/document/HT%2055a/,6
5,tu,False,1,HT 55a,https://sigla.phis.me/document/HT%2055a/,6
6,[?],False,1,HT 55a,https://sigla.phis.me/document/HT%2055a/,6
1,te,False,1,HT 55b,https://sigla.phis.me/document/HT%2055b/,4
2,qe,False,1,HT 55b,https://sigla.phis.me/document/HT%2055b/,4
3,ri-ja,False,2,HT 55b,https://sigla.phis.me/document/HT%2055b/,4
4,i,False,1,HT 55b,https://sigla.phis.me/document/HT%2055b/,4
1,sa,False,1,HT 56a,https://sigla.phis.me/document/HT%2056a/,2
2,u,False,1,HT 56a,https://sigla.phis.me/document/HT%2056a/,2
1,da-qe-ra,False,3,HT 57a,https://sigla.phis.me/document/HT%2057a/,2
2,a,False,1,HT 57a,https://sigla.phis.me/document/HT%2057a/,2
1,qe-ti-ra-du,True,4,HT 58,https://sigla.phis.me/document/HT%2058/,2
2,u,False,1,HT 58,https://sigla.phis.me/document/HT%2058/,2
1,mi-ti,False,2,HT 61,https://sigla.phis.me/document/HT%2061/,1
1,[?]-sa-ra,False,3,HT 62+73,https://sigla.phis.me/document/HT%2062%2B73/,10
2,[?]-na,False,2,HT 62+73,https://sigla.phis.me/document/HT%2062%2B73/,10
3,ka-ku,True,2,HT 62+73,https://sigla.phis.me/document/HT%2062%2B73/,10
4,ib-ti-[?],False,3,HT 62+73,https://sigla.phis.me/document/HT%2062%2B73/,10
5,*100-[?],False,2,HT 62+73,https://sigla.phis.me/document/HT%2062%2B73/,10
6,ko,False,1,HT 62+73,https://sigla.phis.me/document/HT%2062%2B73/,10
7,nu,False,1,HT 62+73,https://sigla.phis.me/document/HT%2062%2B73/,10
8,ku,False,1,HT 62+73,https://sigla.phis.me/document/HT%2062%2B73/,10
9,pa-i-ki,True,3,HT 62+73,https://sigla.phis.me/document/HT%2062%2B73/,10
10,sa-ro-qe,True,3,HT 62+73,https://sigla.phis.me/document/HT%2062%2B73/,10
1,ka-ti,True,2,HT 63,https://sigla.phis.me/document/HT%2063/,3
2,su-pu2,False,2,HT 63,https://sigla.phis.me/document/HT%2063/,3
3,*79,False,1,HT 63,https://sigla.phis.me/document/HT%2063/,3
1,ku-*79-na,False,3,HT 64,https://sigla.phis.me/document/HT%2064/,3
2,na,False,1,HT 64,https://sigla.phis.me/document/HT%2064/,3
3,ru-ma,False,2,HT 64,https://sigla.phis.me/document/HT%2064/,3
1,di,False,1,HT 66,https://sigla.phis.me/document/HT%2066/,4
2,ta,False,1,HT 66,https://sigla.phis.me/document/HT%2066/,4
3,ta-mi,False,2,HT 66,https://sigla.phis.me/document/HT%2066/,4
4,re,False,1,HT 66,https://sigla.phis.me/document/HT%2066/,4
1,ju,False,1,HT 68,https://sigla.phis.me/document/HT%2068/,1
1,ma-di,False,2,HT 69,https://sigla.phis.me/document/HT%2069/,1
1,ka-pa,True,2,HT 6a,https://sigla.phis.me/document/HT%206a/,9
2,da-ta-ra,True,3,HT 6a,https://sigla.phis.me/document/HT%206a/,9
3,pi-ta-ja,True,3,HT 6a,https://sigla.phis.me/document/HT%206a/,9
4,A717,False,1,HT 6a,https://sigla.phis.me/document/HT%206a/,9
5,ma-A321,True,2,HT 6a,https://sigla.phis.me/document/HT%206a/,9
6,o-ra2-di-ne,True,4,HT 6a,https://sigla.phis.me/document/HT%206a/,9
7,ka-pa-qe,True,3,HT 6a,https://sigla.phis.me/document/HT%206a/,9
8,da-qe-ra,True,3,HT 6a,https://sigla.phis.me/document/HT%206a/,9
9,qe-pi-ta,True,3,HT 6a,https://sigla.phis.me/document/HT%206a/,9
1,wa-du-ni-mi,True,4,HT 6b,https://sigla.phis.me/document/HT%206b/,7
2,ra-ti-se,True,3,HT 6b,https://sigla.phis.me/document/HT%206b/,7
3,ma-ri-[unclassified]-i,False,4,HT 6b,https://sigla.phis.me/document/HT%206b/,7
4,du-da-ma,True,3,HT 6b,https://sigla.phis.me/document/HT%206b/,7
5,du-ki,True,2,HT 6b,https://sigla.phis.me/document/HT%206b/,7
6,sa-ma,True,2,HT 6b,https://sigla.phis.me/document/HT%206b/,7
7,*56-ni-na,True,3,HT 6b,https://sigla.phis.me/document/HT%206b/,7
1,qa-*118-sa,False,3,HT 70,https://sigla.phis.me/document/HT%2070/,2
2,[?],False,1,HT 70,https://sigla.phis.me/document/HT%2070/,2
1,si-*100-[unclassified],False,3,HT 72,https://sigla.phis.me/document/HT%2072/,2
2,[?]-[?],False,2,HT 72,https://sigla.phis.me/document/HT%2072/,2
1,ku-ro,True,2,HT 74,https://sigla.phis.me/document/HT%2074/,2
2,[?],False,1,HT 74,https://sigla.phis.me/document/HT%2074/,2
1,ka-ru,False,2,HT 75,https://sigla.phis.me/document/HT%2075/,1
1,mu-A312,False,2,HT 78,https://sigla.phis.me/document/HT%2078/,1
1,i,False,1,HT 79+83,https://sigla.phis.me/document/HT%2079%2B83/,7
2,ka,False,1,HT 79+83,https://sigla.phis.me/document/HT%2079%2B83/,7
3,da-*56,False,2,HT 79+83,https://sigla.phis.me/document/HT%2079%2B83/,7
4,tu-pa-ri,False,3,HT 79+83,https://sigla.phis.me/document/HT%2079%2B83/,7
5,tu-[unclassified],False,2,HT 79+83,https://sigla.phis.me/document/HT%2079%2B83/,7
6,ku-ni,False,2,HT 79+83,https://sigla.phis.me/document/HT%2079%2B83/,7
7,*79,False,1,HT 79+83,https://sigla.phis.me/document/HT%2079%2B83/,7
1,qe-ti,True,2,HT 7a,https://sigla.phis.me/document/HT%207a/,6
2,i-ru-ja,True,3,HT 7a,https://sigla.phis.me/document/HT%207a/,6
3,du-ja,True,2,HT 7a,https://sigla.phis.me/document/HT%207a/,6
4,ta-na-ti,True,3,HT 7a,https://sigla.phis.me/document/HT%207a/,6
5,da-re,True,2,HT 7a,https://sigla.phis.me/document/HT%207a/,6
6,te-tu,True,2,HT 7a,https://sigla.phis.me/document/HT%207a/,6
1,qif-tu-ne,True,3,HT 7b,https://sigla.phis.me/document/HT%207b/,2
2,da-ru-A329,True,3,HT 7b,https://sigla.phis.me/document/HT%207b/,2
1,ju-ra,False,2,HT 80,https://sigla.phis.me/document/HT%2080/,1
1,a-se,True,2,HT 81,https://sigla.phis.me/document/HT%2081/,3
2,ri-su-ma,False,3,HT 81,https://sigla.phis.me/document/HT%2081/,3
3,ki,False,1,HT 81,https://sigla.phis.me/document/HT%2081/,3
1,[?],False,1,HT 82,https://sigla.phis.me/document/HT%2082/,1
1,qif-ja-du,False,3,HT 84,https://sigla.phis.me/document/HT%2084/,3
2,[?],False,1,HT 84,https://sigla.phis.me/document/HT%2084/,3
3,nu-ti,False,2,HT 84,https://sigla.phis.me/document/HT%2084/,3
1,a-du,True,2,HT 85a,https://sigla.phis.me/document/HT%2085a/,9
2,da-ri-da,True,3,HT 85a,https://sigla.phis.me/document/HT%2085a/,9
3,*56-ni,True,2,HT 85a,https://sigla.phis.me/document/HT%2085a/,9
4,u-A325-za,True,3,HT 85a,https://sigla.phis.me/document/HT%2085a/,9
5,da-si-*118,True,3,HT 85a,https://sigla.phis.me/document/HT%2085a/,9
6,ku-*79-ni,True,3,HT 85a,https://sigla.phis.me/document/HT%2085a/,9
7,te-ke,True,2,HT 85a,https://sigla.phis.me/document/HT%2085a/,9
8,da-re,True,2,HT 85a,https://sigla.phis.me/document/HT%2085a/,9
9,ku-ro,True,2,HT 85a,https://sigla.phis.me/document/HT%2085a/,9
1,ki-ki-ra-ja,True,4,HT 85b,https://sigla.phis.me/document/HT%2085b/,9
2,ki-re-ta2,True,3,HT 85b,https://sigla.phis.me/document/HT%2085b/,9
3,qe-ka,True,2,HT 85b,https://sigla.phis.me/document/HT%2085b/,9
4,te-tu-[?],False,3,HT 85b,https://sigla.phis.me/document/HT%2085b/,9
5,me-za,True,2,HT 85b,https://sigla.phis.me/document/HT%2085b/,9
6,re-di-se,True,3,HT 85b,https://sigla.phis.me/document/HT%2085b/,9
7,wa-du-ni-mi,True,4,HT 85b,https://sigla.phis.me/document/HT%2085b/,9
8,ma-di,True,2,HT 85b,https://sigla.phis.me/document/HT%2085b/,9
9,qa-A310-i,True,3,HT 85b,https://sigla.phis.me/document/HT%2085b/,9
1,a-ka-ru,True,3,HT 86a,https://sigla.phis.me/document/HT%2086a/,8
2,ku-ni-su,True,3,HT 86a,https://sigla.phis.me/document/HT%2086a/,8
3,sa-ru,True,2,HT 86a,https://sigla.phis.me/document/HT%2086a/,8
4,di-de-ru,True,3,HT 86a,https://sigla.phis.me/document/HT%2086a/,8
5,qa-ra2-wa,True,3,HT 86a,https://sigla.phis.me/document/HT%2086a/,8
6,a-du,True,2,HT 86a,https://sigla.phis.me/document/HT%2086a/,8
7,da-me,True,2,HT 86a,https://sigla.phis.me/document/HT%2086a/,8
8,mi-nu-te,True,3,HT 86a,https://sigla.phis.me/document/HT%2086a/,8
1,a-ka-ru,True,3,HT 86b,https://sigla.phis.me/document/HT%2086b/,4
2,ku-ni-su,True,3,HT 86b,https://sigla.phis.me/document/HT%2086b/,4
3,sa-ru,True,2,HT 86b,https://sigla.phis.me/document/HT%2086b/,4
4,di-de,True,2,HT 86b,https://sigla.phis.me/document/HT%2086b/,4
1,qif-tu-ne,True,3,HT 87,https://sigla.phis.me/document/HT%2087/,8
2,ma-ka-ri-te,True,4,HT 87,https://sigla.phis.me/document/HT%2087/,8
3,pi-ta-ke-si,True,4,HT 87,https://sigla.phis.me/document/HT%2087/,8
4,ja-re-mi,True,3,HT 87,https://sigla.phis.me/document/HT%2087/,8
5,di-ki-se,True,3,HT 87,https://sigla.phis.me/document/HT%2087/,8
6,qe-su-pu,True,3,HT 87,https://sigla.phis.me/document/HT%2087/,8
7,ku-ru-ku,True,3,HT 87,https://sigla.phis.me/document/HT%2087/,8
8,a-ra-[?]-a-tu,False,5,HT 87,https://sigla.phis.me/document/HT%2087/,8
1,a-du,True,2,HT 88,https://sigla.phis.me/document/HT%2088/,11
2,re-za,True,2,HT 88,https://sigla.phis.me/document/HT%2088/,11
3,ki-ki-na,True,3,HT 88,https://sigla.phis.me/document/HT%2088/,11
4,ki-ro,True,2,HT 88,https://sigla.phis.me/document/HT%2088/,11
5,ku-*56-*56,True,3,HT 88,https://sigla.phis.me/document/HT%2088/,11
6,ka-ju,True,2,HT 88,https://sigla.phis.me/document/HT%2088/,11
7,ku-*56-nu,True,3,HT 88,https://sigla.phis.me/document/HT%2088/,11
8,pa-ja-re,True,3,HT 88,https://sigla.phis.me/document/HT%2088/,11
9,sa-ma-ro,True,3,HT 88,https://sigla.phis.me/document/HT%2088/,11
10,da-ta-re,True,3,HT 88,https://sigla.phis.me/document/HT%2088/,11
11,ku-ro,True,2,HT 88,https://sigla.phis.me/document/HT%2088/,11
1,a-sa-ra2,True,3,HT 89,https://sigla.phis.me/document/HT%2089/,5
2,ma-i-mi,True,3,HT 89,https://sigla.phis.me/document/HT%2089/,5
3,ta-ra,True,2,HT 89,https://sigla.phis.me/document/HT%2089/,5
4,ku-ro,True,2,HT 89,https://sigla.phis.me/document/HT%2089/,5
5,*131a,False,1,HT 89,https://sigla.phis.me/document/HT%2089/,5
1,je-di,True,2,HT 8a,https://sigla.phis.me/document/HT%208a/,6
2,*56-ka-ra-ti,True,4,HT 8a,https://sigla.phis.me/document/HT%208a/,6
3,te-A301,True,2,HT 8a,https://sigla.phis.me/document/HT%208a/,6
4,qa-A310-i,True,3,HT 8a,https://sigla.phis.me/document/HT%208a/,6
5,si-ki-ra,True,3,HT 8a,https://sigla.phis.me/document/HT%208a/,6
6,ki-re-ta-na,True,4,HT 8a,https://sigla.phis.me/document/HT%208a/,6
1,su-pu2-*188,True,3,HT 8b,https://sigla.phis.me/document/HT%208b/,5
2,*56-*188,True,2,HT 8b,https://sigla.phis.me/document/HT%208b/,5
3,qa-A310-i,True,3,HT 8b,https://sigla.phis.me/document/HT%208b/,5
4,ka-pa,True,2,HT 8b,https://sigla.phis.me/document/HT%208b/,5
5,pa-ja-re,True,3,HT 8b,https://sigla.phis.me/document/HT%208b/,5
1,i-ku-ri-na,True,4,HT 90,https://sigla.phis.me/document/HT%2090/,3
2,sa-ra2,True,2,HT 90,https://sigla.phis.me/document/HT%2090/,3
3,si-ru-ma-ri-ta2,True,5,HT 90,https://sigla.phis.me/document/HT%2090/,3
1,i-ka,True,2,HT 91,https://sigla.phis.me/document/HT%2091/,2
2,te-ri,True,2,HT 91,https://sigla.phis.me/document/HT%2091/,2
1,a-du,True,2,HT 92,https://sigla.phis.me/document/HT%2092/,1
1,*56-ni-na,True,3,HT 93a,https://sigla.phis.me/document/HT%2093a/,13
2,di-ri-na,True,3,HT 93a,https://sigla.phis.me/document/HT%2093a/,13
3,ki-di-ni,True,3,HT 93a,https://sigla.phis.me/document/HT%2093a/,13
4,a-se,True,2,HT 93a,https://sigla.phis.me/document/HT%2093a/,13
5,sa-ra2,True,2,HT 93a,https://sigla.phis.me/document/HT%2093a/,13
6,qa-qa-ru,True,3,HT 93a,https://sigla.phis.me/document/HT%2093a/,13
7,*100-i,True,2,HT 93a,https://sigla.phis.me/document/HT%2093a/,13
8,de-ju-ku,True,3,HT 93a,https://sigla.phis.me/document/HT%2093a/,13
9,o-ti-[?],False,3,HT 93a,https://sigla.phis.me/document/HT%2093a/,13
10,da-ri-da,True,3,HT 93a,https://sigla.phis.me/document/HT%2093a/,13
11,*56-ni-na,False,3,HT 93a,https://sigla.phis.me/document/HT%2093a/,13
12,pa-se-ja,False,3,HT 93a,https://sigla.phis.me/document/HT%2093a/,13
13,[?]-ka,False,2,HT 93a,https://sigla.phis.me/document/HT%2093a/,13
1,ki-ro,True,2,HT 93b,https://sigla.phis.me/document/HT%2093b/,1
1,ka-pa,True,2,HT 94a,https://sigla.phis.me/document/HT%2094a/,4
2,ku-ro,True,2,HT 94a,https://sigla.phis.me/document/HT%2094a/,4
3,sa-ra2,True,2,HT 94a,https://sigla.phis.me/document/HT%2094a/,4
4,A318-A306,True,2,HT 94a,https://sigla.phis.me/document/HT%2094a/,4
1,ki-ro,True,2,HT 94b,https://sigla.phis.me/document/HT%2094b/,9
2,tu-ma,True,2,HT 94b,https://sigla.phis.me/document/HT%2094b/,9
3,pa-ta-ne,True,3,HT 94b,https://sigla.phis.me/document/HT%2094b/,9
4,de-di,True,2,HT 94b,https://sigla.phis.me/document/HT%2094b/,9
5,ke-ki-ru,True,3,HT 94b,https://sigla.phis.me/document/HT%2094b/,9
6,sa-ru,True,2,HT 94b,https://sigla.phis.me/document/HT%2094b/,9
7,ku-ro,True,2,HT 94b,https://sigla.phis.me/document/HT%2094b/,9
8,ra-[?]-de-me-te,False,5,HT 94b,https://sigla.phis.me/document/HT%2094b/,9
9,qif-tu,True,2,HT 94b,https://sigla.phis.me/document/HT%2094b/,9
1,da-du-ma-ta,True,4,HT 95a,https://sigla.phis.me/document/HT%2095a/,6
2,da-me,True,2,HT 95a,https://sigla.phis.me/document/HT%2095a/,6
3,mi-nu-te,True,3,HT 95a,https://sigla.phis.me/document/HT%2095a/,6
4,sa-ru,True,2,HT 95a,https://sigla.phis.me/document/HT%2095a/,6
5,ku-ni-[?],False,3,HT 95a,https://sigla.phis.me/document/HT%2095a/,6
6,di-de-ru-qe-ra2-u,True,6,HT 95a,https://sigla.phis.me/document/HT%2095a/,6
1,a-du,True,2,HT 95b,https://sigla.phis.me/document/HT%2095b/,7
2,sa-ru,True,2,HT 95b,https://sigla.phis.me/document/HT%2095b/,7
3,da-za,True,2,HT 95b,https://sigla.phis.me/document/HT%2095b/,7
4,mi-nu-te,True,3,HT 95b,https://sigla.phis.me/document/HT%2095b/,7
5,ku-ni-su,True,3,HT 95b,https://sigla.phis.me/document/HT%2095b/,7
6,di-de-ru,True,3,HT 95b,https://sigla.phis.me/document/HT%2095b/,7
7,qe-ra2-u,True,3,HT 95b,https://sigla.phis.me/document/HT%2095b/,7
1,i-ti-ti-ku-ni,True,5,HT 96a,https://sigla.phis.me/document/HT%2096a/,7
2,a-pa-ra-ne,True,4,HT 96a,https://sigla.phis.me/document/HT%2096a/,7
3,a-*123-te,True,3,HT 96a,https://sigla.phis.me/document/HT%2096a/,7
4,si-mi-ta,True,3,HT 96a,https://sigla.phis.me/document/HT%2096a/,7
5,ru-sa,True,2,HT 96a,https://sigla.phis.me/document/HT%2096a/,7
6,pi-ta-ra,True,3,HT 96a,https://sigla.phis.me/document/HT%2096a/,7
7,ku-ma-ro,False,3,HT 96a,https://sigla.phis.me/document/HT%2096a/,7
1,a-pa-ra-ne,True,4,HT 96b,https://sigla.phis.me/document/HT%2096b/,2
2,qa-*118-ra-re,True,4,HT 96b,https://sigla.phis.me/document/HT%2096b/,2
1,ka-ru,True,2,HT 97a,https://sigla.phis.me/document/HT%2097a/,7
2,ka-nu-ti,True,3,HT 97a,https://sigla.phis.me/document/HT%2097a/,7
3,pa-i-to,True,3,HT 97a,https://sigla.phis.me/document/HT%2097a/,7
4,na-ti-ma-di,True,4,HT 97a,https://sigla.phis.me/document/HT%2097a/,7
5,ta-ti,True,2,HT 97a,https://sigla.phis.me/document/HT%2097a/,7
6,de-[?],False,2,HT 97a,https://sigla.phis.me/document/HT%2097a/,7
7,a,False,1,HT 97a,https://sigla.phis.me/document/HT%2097a/,7
1,sa-ra2,True,2,HT 97b,https://sigla.phis.me/document/HT%2097b/,1
1,[?],False,1,HT 98a,https://sigla.phis.me/document/HT%2098a/,8
2,[?]-de,False,2,HT 98a,https://sigla.phis.me/document/HT%2098a/,8
3,tu,False,1,HT 98a,https://sigla.phis.me/document/HT%2098a/,8
4,ta-na-ti,True,3,HT 98a,https://sigla.phis.me/document/HT%2098a/,8
5,di-re-di-na,True,4,HT 98a,https://sigla.phis.me/document/HT%2098a/,8
6,te-A301,True,2,HT 98a,https://sigla.phis.me/document/HT%2098a/,8
7,ro-ke,True,2,HT 98a,https://sigla.phis.me/document/HT%2098a/,8
8,ka-ri-A310-i,True,4,HT 98a,https://sigla.phis.me/document/HT%2098a/,8
1,da-ru-ne-te,True,4,HT 98b,https://sigla.phis.me/document/HT%2098b/,1
1,a-du,True,2,HT 99a,https://sigla.phis.me/document/HT%2099a/,2
2,sa-ra2,True,2,HT 99a,https://sigla.phis.me/document/HT%2099a/,2
1,da-si-*118,True,3,HT 99b,https://sigla.phis.me/document/HT%2099b/,3
2,*79-du,True,2,HT 99b,https://sigla.phis.me/document/HT%2099b/,3
3,ru-ma-ta,True,3,HT 99b,https://sigla.phis.me/document/HT%2099b/,3
1,sa-ro,True,2,HT 9a,https://sigla.phis.me/document/HT%209a/,8
2,pa-de,True,2,HT 9a,https://sigla.phis.me/document/HT%209a/,8
3,A306-tu,True,2,HT 9a,https://sigla.phis.me/document/HT%209a/,8
4,di-na-u,True,3,HT 9a,https://sigla.phis.me/document/HT%209a/,8
5,qe-pu,True,2,HT 9a,https://sigla.phis.me/document/HT%209a/,8
6,A324-di-ra,True,3,HT 9a,https://sigla.phis.me/document/HT%209a/,8
7,ta-i-*123,True,3,HT 9a,https://sigla.phis.me/document/HT%209a/,8
8,a-ru-ku-ro,True,4,HT 9a,https://sigla.phis.me/document/HT%209a/,8
1,wa-ja-pi-[?],False,4,HT 9b,https://sigla.phis.me/document/HT%209b/,10
2,ka-A305,True,2,HT 9b,https://sigla.phis.me/document/HT%209b/,10
3,pa-de,True,2,HT 9b,https://sigla.phis.me/document/HT%209b/,10
4,a-si,True,2,HT 9b,https://sigla.phis.me/document/HT%209b/,10
5,A306-tu,True,2,HT 9b,https://sigla.phis.me/document/HT%209b/,10
6,A324-di-ra,True,3,HT 9b,https://sigla.phis.me/document/HT%209b/,10
7,qe-pu,True,2,HT 9b,https://sigla.phis.me/document/HT%209b/,10
8,ta-i-*123,True,3,HT 9b,https://sigla.phis.me/document/HT%209b/,10
9,di-na-u,True,3,HT 9b,https://sigla.phis.me/document/HT%209b/,10
10,ku-ro,True,2,HT 9b,https://sigla.phis.me/document/HT%209b/,10
1,da-ka,True,2,HT Wa 1001,https://sigla.phis.me/document/HT%20Wa%201001/,1
1,da-ka,True,2,HT Wa 1002,https://sigla.phis.me/document/HT%20Wa%201002/,1
1,da-ka,True,2,HT Wa 1003,https://sigla.phis.me/document/HT%20Wa%201003/,1
1,da-ka,True,2,HT Wa 1004,https://sigla.phis.me/document/HT%20Wa%201004/,1
1,da-ka,True,2,HT Wa 1005,https://sigla.phis.me/document/HT%20Wa%201005/,1
1,i-ra2,True,2,HT Wa 1006,https://sigla.phis.me/document/HT%20Wa%201006/,1
1,i-ra2,True,2,HT Wa 1007,https://sigla.phis.me/document/HT%20Wa%201007/,1
1,i-ra2,True,2,HT Wa 1008,https://sigla.phis.me/document/HT%20Wa%201008/,1
1,i-ra2,True,2,HT Wa 1009,https://sigla.phis.me/document/HT%20Wa%201009/,1
1,i-ra2,True,2,HT Wa 1010,https://sigla.phis.me/document/HT%20Wa%201010/,1
1,i-ra2,True,2,HT Wa 1011,https://sigla.phis.me/document/HT%20Wa%201011/,1
1,i-ra2,True,2,HT Wa 1012,https://sigla.phis.me/document/HT%20Wa%201012/,1
1,i-ra2,True,2,HT Wa 1013,https://sigla.phis.me/document/HT%20Wa%201013/,1
1,si-ka,True,2,HT Wa 1014,https://sigla.phis.me/document/HT%20Wa%201014/,1
1,si-ka,True,2,HT Wa 1015,https://sigla.phis.me/document/HT%20Wa%201015/,1
1,si-ka,True,2,HT Wa 1016,https://sigla.phis.me/document/HT%20Wa%201016/,1
1,si-ka,True,2,HT Wa 1017,https://sigla.phis.me/document/HT%20Wa%201017/,1
1,si-ka,True,2,HT Wa 1018,https://sigla.phis.me/document/HT%20Wa%201018/,1
1,pa-ta-ne,True,3,HT Wa 1019,https://sigla.phis.me/document/HT%20Wa%201019%CE%B1/,1
1,si-tu,True,2,HT Wa 1019,https://sigla.phis.me/document/HT%20Wa%201019%CE%B3/,1
1,A629,True,1,HT Wa 1020,https://sigla.phis.me/document/HT%20Wa%201020%CE%B1/,2
2,ku-pa,True,2,HT Wa 1020,https://sigla.phis.me/document/HT%20Wa%201020%CE%B1/,2
1,je-ta-na,True,3,HT Wa 1020,https://sigla.phis.me/document/HT%20Wa%201020%CE%B3/,1
1,*188-du,True,2,HT Wa 1021,https://sigla.phis.me/document/HT%20Wa%201021%CE%B1/,1
1,si,True,1,HT Wa 1028,https://sigla.phis.me/document/HT%20Wa%201028%CE%B1/,1
1,ka,True,1,HT Wa 1028,https://sigla.phis.me/document/HT%20Wa%201028%CE%B3/,1
1,A301,True,1,HT Wa 1029,https://sigla.phis.me/document/HT%20Wa%201029%CE%B1/,1
1,A301,True,1,HT Wa 1029,https://sigla.phis.me/document/HT%20Wa%201029%CE%B3/,1
1,si,True,1,HT Wa 1242,https://sigla.phis.me/document/HT%20Wa%201242/,1
1,pa-se-ja,True,3,HT Wc 3001,https://sigla.phis.me/document/HT%20Wc%203001/,1
1,pa-se-ja,True,3,HT Wc 3002,https://sigla.phis.me/document/HT%20Wc%203002/,1
1,ka-re-ro,True,3,HT Wc 3003,https://sigla.phis.me/document/HT%20Wc%203003/,1
1,*79-ni-ka,True,3,HT Wc 3004a,https://sigla.phis.me/document/HT%20Wc%203004a/,1
1,ta-ni-ka,True,3,HT Wc 3005a,https://sigla.phis.me/document/HT%20Wc%203005a/,1
1,wa-o-mi,True,3,HT Wc 3006a,https://sigla.phis.me/document/HT%20Wc%203006a/,1
1,ra-A314-ra,True,3,HT Wc 3006b,https://sigla.phis.me/document/HT%20Wc%203006b/,1
1,wa-di-ni,True,3,HT Wc 3007,https://sigla.phis.me/document/HT%20Wc%203007/,1
1,wa-di-ni,True,3,HT Wc 3008a,https://sigla.phis.me/document/HT%20Wc%203008a/,1
1,ru-ja-ta-di,True,4,HT Wc 3008b,https://sigla.phis.me/document/HT%20Wc%203008b/,1
1,A333-di-su-ka,True,4,HT Wc 3009a,https://sigla.phis.me/document/HT%20Wc%203009a/,1
1,A333-di-na-su-ka,True,5,HT Wc 3010,https://sigla.phis.me/document/HT%20Wc%203010/,1
1,*79-di-ra,True,3,HT Wc 3011,https://sigla.phis.me/document/HT%20Wc%203011/,1
1,*79-di-ra,True,3,HT Wc 3012a,https://sigla.phis.me/document/HT%20Wc%203012a/,1
1,re-ro,True,2,HT Wc 3012b,https://sigla.phis.me/document/HT%20Wc%203012b/,1
1,ku-mi-na,True,3,HT Wc 3014a,https://sigla.phis.me/document/HT%20Wc%203014a/,1
1,qe,False,1,HT Wc 3014b,https://sigla.phis.me/document/HT%20Wc%203014b/,1
1,ka-ku-pa,True,3,HT Wc 3015a,https://sigla.phis.me/document/HT%20Wc%203015a/,1
1,ka-ku-pa,True,3,HT Wc 3016a,https://sigla.phis.me/document/HT%20Wc%203016a/,1
1,qa-ku-re-na-A306,True,5,HT Wc 3017a,https://sigla.phis.me/document/HT%20Wc%203017a/,1
1,*188-du,True,2,HT Wc 3020a,https://sigla.phis.me/document/HT%20Wc%203020a/,1
1,[?]-tu-se-su-ki,False,5,HT Zb 158a,https://sigla.phis.me/document/HT%20Zb%20158a/,1
1,su-ki-ri-te-i-ja,True,6,HT Zb 158b,https://sigla.phis.me/document/HT%20Zb%20158b/,1
1,a-na-nu-si-ja-se,True,6,HT Zb 159,https://sigla.phis.me/document/HT%20Zb%20159/,1
1,pa-ta-da,True,3,HT Zb 160,https://sigla.phis.me/document/HT%20Zb%20160/,2
2,du-pu2-re,True,3,HT Zb 160,https://sigla.phis.me/document/HT%20Zb%20160/,2
1,si-pu,False,2,HT Zb 161,https://sigla.phis.me/document/HT%20Zb%20161/,1
1,a-ju,True,2,HT Zd 155,https://sigla.phis.me/document/HT%20Zd%20155/,2
2,na-ma-ma-ti-ti-A319,True,6,HT Zd 155,https://sigla.phis.me/document/HT%20Zd%20155/,2
1,ta-ja,True,2,HT Zd 156,https://sigla.phis.me/document/HT%20Zd%20156/,1
1,wi-ja-su,True,3,HT Zd 157,https://sigla.phis.me/document/HT%20Zd%20157/,2
2,ma-ti-ti-A319,True,4,HT Zd 157,https://sigla.phis.me/document/HT%20Zd%20157/,2
1,a-ma,True,2,HS Zg 1,https://sigla.phis.me/document/HS%20Zg%201/,1
1,ka-sa,False,2,KE 1,https://sigla.phis.me/document/KE%201/,2
2,[?],False,1,KE 1,https://sigla.phis.me/document/KE%201/,2
1,ja-si-e,True,3,KE Zb 4,https://sigla.phis.me/document/KE%20Zb%204/,1
1,je,False,1,KH 1,https://sigla.phis.me/document/KH%201/,1
1,[?],False,1,KH 10,https://sigla.phis.me/document/KH%2010/,4
2,i-pa-sa-ja,True,4,KH 10,https://sigla.phis.me/document/KH%2010/,4
3,qa-*118,True,2,KH 10,https://sigla.phis.me/document/KH%2010/,4
4,a-ki-pi-e-te,True,5,KH 10,https://sigla.phis.me/document/KH%2010/,4
1,A352-A306,False,2,KH 100,https://sigla.phis.me/document/KH%20100/,3
2,ro,False,1,KH 100,https://sigla.phis.me/document/KH%20100/,3
3,de,False,1,KH 100,https://sigla.phis.me/document/KH%20100/,3
1,a-du-[?]-za,False,4,KH 11,https://sigla.phis.me/document/KH%2011/,3
2,a-to-A349-to-i,True,5,KH 11,https://sigla.phis.me/document/KH%2011/,3
3,a-ta-A350,True,3,KH 11,https://sigla.phis.me/document/KH%2011/,3
1,A651,True,1,KH 12,https://sigla.phis.me/document/KH%2012/,1
1,a-se-re-za,False,4,KH 13,https://sigla.phis.me/document/KH%2013/,2
2,[?]-da-i,False,3,KH 13,https://sigla.phis.me/document/KH%2013/,2
1,ra,False,1,KH 14,https://sigla.phis.me/document/KH%2014/,3
2,a-ma-ja,True,3,KH 14,https://sigla.phis.me/document/KH%2014/,3
3,A303,False,1,KH 14,https://sigla.phis.me/document/KH%2014/,3
1,u-ta-i-si,False,4,KH 16,https://sigla.phis.me/document/KH%2016/,2
2,ta-[?],False,2,KH 16,https://sigla.phis.me/document/KH%2016/,2
1,a,False,1,KH 17,https://sigla.phis.me/document/KH%2017/,1
1,i-ku-pi,False,3,KH 18,https://sigla.phis.me/document/KH%2018/,1
1,tu-[?],False,2,KH 2,https://sigla.phis.me/document/KH%202/,2
2,[?],False,1,KH 2,https://sigla.phis.me/document/KH%202/,2
1,a-si-ki-ra,True,4,KH 20,https://sigla.phis.me/document/KH%2020/,2
2,du-re-za,False,3,KH 20,https://sigla.phis.me/document/KH%2020/,2
1,A306-qe-du,False,3,KH 21,https://sigla.phis.me/document/KH%2021/,1
1,[?]-za,False,2,KH 22,https://sigla.phis.me/document/KH%2022/,1
1,a-du,False,2,KH 23,https://sigla.phis.me/document/KH%2023/,1
1,[?]-su,False,2,KH 24,https://sigla.phis.me/document/KH%2024/,2
2,[?],False,1,KH 24,https://sigla.phis.me/document/KH%2024/,2
1,se,False,1,KH 28,https://sigla.phis.me/document/KH%2028/,1
1,[?]-ra,False,2,KH 29,https://sigla.phis.me/document/KH%2029/,3
2,ta2-[?],False,2,KH 29,https://sigla.phis.me/document/KH%2029/,3
3,ku-pa,False,2,KH 29,https://sigla.phis.me/document/KH%2029/,3
1,nu,False,1,KH 3,https://sigla.phis.me/document/KH%203/,1
1,i-A331,False,2,KH 32,https://sigla.phis.me/document/KH%2032/,1
1,[?]-a,False,2,KH 33,https://sigla.phis.me/document/KH%2033/,1
1,[?],False,1,KH 35,https://sigla.phis.me/document/KH%2035/,1
1,ka,False,1,KH 36,https://sigla.phis.me/document/KH%2036/,2
2,na,False,1,KH 36,https://sigla.phis.me/document/KH%2036/,2
1,wi,False,1,KH 37,https://sigla.phis.me/document/KH%2037/,1
1,a-ta-[?],False,3,KH 39,https://sigla.phis.me/document/KH%2039/,1
1,a-du-re,True,3,KH 4,https://sigla.phis.me/document/KH%204/,2
2,[?],False,1,KH 4,https://sigla.phis.me/document/KH%204/,2
1,si-na-[?],False,3,KH 40,https://sigla.phis.me/document/KH%2040/,1
1,ka-ta-re,False,3,KH 41,https://sigla.phis.me/document/KH%2041/,1
1,N800,True,1,KH 44,https://sigla.phis.me/document/KH%2044/,2
2,A335,False,1,KH 44,https://sigla.phis.me/document/KH%2044/,2
1,a,False,1,KH 45,https://sigla.phis.me/document/KH%2045/,1
1,qa-ne,False,2,KH 47,https://sigla.phis.me/document/KH%2047/,4
2,si,False,1,KH 47,https://sigla.phis.me/document/KH%2047/,4
3,ra,False,1,KH 47,https://sigla.phis.me/document/KH%2047/,4
4,A306,False,1,KH 47,https://sigla.phis.me/document/KH%2047/,4
1,[?]-ru,False,2,KH 49,https://sigla.phis.me/document/KH%2049/,2
2,ku,False,1,KH 49,https://sigla.phis.me/document/KH%2049/,2
1,a-da-ki-si-ka,True,5,KH 5,https://sigla.phis.me/document/KH%205/,6
2,a-ra-u-da,True,4,KH 5,https://sigla.phis.me/document/KH%205/,6
3,wi-sa-sa-ne,True,4,KH 5,https://sigla.phis.me/document/KH%205/,6
4,wi-na-du,True,3,KH 5,https://sigla.phis.me/document/KH%205/,6
5,A301-na,True,2,KH 5,https://sigla.phis.me/document/KH%205/,6
6,ku-pa-*79,True,3,KH 5,https://sigla.phis.me/document/KH%205/,6
1,[?]-ta,False,2,KH 50,https://sigla.phis.me/document/KH%2050/,3
2,je,False,1,KH 50,https://sigla.phis.me/document/KH%2050/,3
3,qe,False,1,KH 50,https://sigla.phis.me/document/KH%2050/,3
1,si-i-si,False,3,KH 51,https://sigla.phis.me/document/KH%2051/,2
2,tu,False,1,KH 51,https://sigla.phis.me/document/KH%2051/,2
1,ta-u,False,2,KH 52,https://sigla.phis.me/document/KH%2052/,1
1,a-me-*123,False,3,KH 53,https://sigla.phis.me/document/KH%2053/,2
2,ne,False,1,KH 53,https://sigla.phis.me/document/KH%2053/,2
1,tu,False,1,KH 57,https://sigla.phis.me/document/KH%2057/,3
2,zo,False,1,KH 57,https://sigla.phis.me/document/KH%2057/,3
3,[?],False,1,KH 57,https://sigla.phis.me/document/KH%2057/,3
1,a,False,1,KH 58,https://sigla.phis.me/document/KH%2058/,2
2,a-A301,False,2,KH 58,https://sigla.phis.me/document/KH%2058/,2
1,i,False,1,KH 59,https://sigla.phis.me/document/KH%2059/,2
2,di-na,False,2,KH 59,https://sigla.phis.me/document/KH%2059/,2
1,di-si,False,2,KH 6,https://sigla.phis.me/document/KH%206/,7
2,te-nu-re,False,3,KH 6,https://sigla.phis.me/document/KH%206/,7
3,ki-sa-ne,False,3,KH 6,https://sigla.phis.me/document/KH%206/,7
4,ri-ta-je,True,3,KH 6,https://sigla.phis.me/document/KH%206/,7
5,re,False,1,KH 6,https://sigla.phis.me/document/KH%206/,7
6,pi-sa,False,2,KH 6,https://sigla.phis.me/document/KH%206/,7
7,au-re-te,True,3,KH 6,https://sigla.phis.me/document/KH%206/,7
1,ra-ki-ta-na-si,False,5,KH 60,https://sigla.phis.me/document/KH%2060/,2
2,[?],False,1,KH 60,https://sigla.phis.me/document/KH%2060/,2
1,[?],False,1,KH 61,https://sigla.phis.me/document/KH%2061/,2
2,ma,False,1,KH 61,https://sigla.phis.me/document/KH%2061/,2
1,ma,False,1,KH 62,https://sigla.phis.me/document/KH%2062/,1
1,su,False,1,KH 63,https://sigla.phis.me/document/KH%2063/,1
1,ta-[?],False,2,KH 64,https://sigla.phis.me/document/KH%2064/,2
2,[?],False,1,KH 64,https://sigla.phis.me/document/KH%2064/,2
1,ni,False,1,KH 65,https://sigla.phis.me/document/KH%2065/,1
1,[?],False,1,KH 67,https://sigla.phis.me/document/KH%2067/,1
1,[?]-[?],False,2,KH 68,https://sigla.phis.me/document/KH%2068/,1
1,[?],False,1,KH 69,https://sigla.phis.me/document/KH%2069/,1
1,[?]-[?],False,2,KH 70,https://sigla.phis.me/document/KH%2070/,1
1,[?],False,1,KH 72,https://sigla.phis.me/document/KH%2072/,1
1,[?]-[?]-a,False,3,KH 73,https://sigla.phis.me/document/KH%2073/,2
2,a-[?],False,2,KH 73,https://sigla.phis.me/document/KH%2073/,2
1,[?]-si,False,2,KH 74,https://sigla.phis.me/document/KH%2074/,3
2,ja-da-su,False,3,KH 74,https://sigla.phis.me/document/KH%2074/,3
3,si,False,1,KH 74,https://sigla.phis.me/document/KH%2074/,3
1,si,False,1,KH 76,https://sigla.phis.me/document/KH%2076/,1
1,[?],False,1,KH 77,https://sigla.phis.me/document/KH%2077/,1
1,mi-na,False,2,KH 79+89,https://sigla.phis.me/document/KH%2079%2B89/,4
2,pa-ta,False,2,KH 79+89,https://sigla.phis.me/document/KH%2079%2B89/,4
3,a-ra,False,2,KH 79+89,https://sigla.phis.me/document/KH%2079%2B89/,4
4,[?]-pa-da-ni,False,4,KH 79+89,https://sigla.phis.me/document/KH%2079%2B89/,4
1,[?]-pa-da,False,3,KH 79,https://sigla.phis.me/document/KH%2079/,1
1,[?],False,1,KH 7a,https://sigla.phis.me/document/KH%207a/,8
2,i,False,1,KH 7a,https://sigla.phis.me/document/KH%207a/,8
3,e-na-si,True,3,KH 7a,https://sigla.phis.me/document/KH%207a/,8
4,i-ja-pa-me,True,4,KH 7a,https://sigla.phis.me/document/KH%207a/,8
5,ta-ta,True,2,KH 7a,https://sigla.phis.me/document/KH%207a/,8
6,qa-ti-ki,True,3,KH 7a,https://sigla.phis.me/document/KH%207a/,8
7,se-A305,True,2,KH 7a,https://sigla.phis.me/document/KH%207a/,8
8,ku-[?]-ko-e,False,4,KH 7a,https://sigla.phis.me/document/KH%207a/,8
1,u-ta-i-se,True,4,KH 7b,https://sigla.phis.me/document/KH%207b/,2
2,pa-na-tu,False,3,KH 7b,https://sigla.phis.me/document/KH%207b/,2
1,re-[?],False,2,KH 8,https://sigla.phis.me/document/KH%208/,3
2,[?]-ta,False,2,KH 8,https://sigla.phis.me/document/KH%208/,3
3,[?],False,1,KH 8,https://sigla.phis.me/document/KH%208/,3
1,[?],False,1,KH 80,https://sigla.phis.me/document/KH%2080/,1
1,[?],False,1,KH 81,https://sigla.phis.me/document/KH%2081/,2
2,[?],False,1,KH 81,https://sigla.phis.me/document/KH%2081/,2
1,a-di-ne,False,3,KH 83,https://sigla.phis.me/document/KH%2083/,1
1,[?],False,1,KH 84,https://sigla.phis.me/document/KH%2084/,1
1,re-za,False,2,KH 86,https://sigla.phis.me/document/KH%2086/,3
2,pi-nu,False,2,KH 86,https://sigla.phis.me/document/KH%2086/,3
3,[?],False,1,KH 86,https://sigla.phis.me/document/KH%2086/,3
1,qa-nu-ma,False,3,KH 88,https://sigla.phis.me/document/KH%2088/,3
2,qif-*118,True,2,KH 88,https://sigla.phis.me/document/KH%2088/,3
3,pu-de,True,2,KH 88,https://sigla.phis.me/document/KH%2088/,3
1,a-si-su-po-a,True,5,KH 9,https://sigla.phis.me/document/KH%209/,2
2,i-si,True,2,KH 9,https://sigla.phis.me/document/KH%209/,2
1,[?]-ja-[?],False,3,KH 90,https://sigla.phis.me/document/KH%2090/,2
2,ma-ta-ri-ta,False,4,KH 90,https://sigla.phis.me/document/KH%2090/,2
1,*79,False,1,KH 91,https://sigla.phis.me/document/KH%2091/,1
1,a-da-qif-ri,True,4,KH 92,https://sigla.phis.me/document/KH%2092/,4
2,ku-ni-te,False,3,KH 92,https://sigla.phis.me/document/KH%2092/,4
3,na-ki,False,2,KH 92,https://sigla.phis.me/document/KH%2092/,4
4,a-[?],False,2,KH 92,https://sigla.phis.me/document/KH%2092/,4
1,[?],False,1,KH 94,https://sigla.phis.me/document/KH%2094/,3
2,[?],False,1,KH 94,https://sigla.phis.me/document/KH%2094/,3
3,za,False,1,KH 94,https://sigla.phis.me/document/KH%2094/,3
1,se,False,1,KH 95,https://sigla.phis.me/document/KH%2095/,2
2,[?],False,1,KH 95,https://sigla.phis.me/document/KH%2095/,2
1,[?],False,1,KH 97,https://sigla.phis.me/document/KH%2097/,1
1,re,False,1,KH 97a,https://sigla.phis.me/document/KH%2097a/,3
2,a-ja,False,2,KH 97a,https://sigla.phis.me/document/KH%2097a/,3
3,na,False,1,KH 97a,https://sigla.phis.me/document/KH%2097a/,3
1,se,False,1,KH 97b,https://sigla.phis.me/document/KH%2097b/,3
2,i,False,1,KH 97b,https://sigla.phis.me/document/KH%2097b/,3
3,[?],False,1,KH 97b,https://sigla.phis.me/document/KH%2097b/,3
1,pa-ri-de,False,3,KH 99,https://sigla.phis.me/document/KH%2099/,3
2,a-si-*118,False,3,KH 99,https://sigla.phis.me/document/KH%2099/,3
3,ku-ka-[?],False,3,KH 99,https://sigla.phis.me/document/KH%2099/,3
1,A640,True,1,KH Wa 1002,https://sigla.phis.me/document/KH%20Wa%201002%CE%B1/,1
1,A501,True,1,KH Wa 1002,https://sigla.phis.me/document/KH%20Wa%201002%CE%B3/,1
1,[?],False,1,KH Wa 1003,https://sigla.phis.me/document/KH%20Wa%201003/,1
1,*86,True,1,KH Wa 1013,https://sigla.phis.me/document/KH%20Wa%201013%CE%B1/,1
1,ro,False,1,KH Wa 1013,https://sigla.phis.me/document/KH%20Wa%201013%CE%B3/,1
1,*86,False,1,KH Wa 1014,https://sigla.phis.me/document/KH%20Wa%201014%CE%B1/,1
1,ro,False,1,KH Wa 1014,https://sigla.phis.me/document/KH%20Wa%201014%CE%B3/,1
1,*86,False,1,KH Wa 1015,https://sigla.phis.me/document/KH%20Wa%201015%CE%B1/,1
1,ro,False,1,KH Wa 1015,https://sigla.phis.me/document/KH%20Wa%201015%CE%B3/,1
1,*86,False,1,KH Wa 1016,https://sigla.phis.me/document/KH%20Wa%201016%CE%B1/,1
1,ro,False,1,KH Wa 1016,https://sigla.phis.me/document/KH%20Wa%201016%CE%B3/,1
1,ka-na-ni-ti,True,4,KH Wc 2005,https://sigla.phis.me/document/KH%20Wc%202005/,1
1,A411VASb,True,1,KH Wc 2008,https://sigla.phis.me/document/KH%20Wc%202008/,1
1,A411VASb,True,1,KH Wc 2009,https://sigla.phis.me/document/KH%20Wc%202009/,1
1,o,True,1,KH Wc 2035,https://sigla.phis.me/document/KH%20Wc%202035/,1
1,*100-A352-ja,True,3,KH Wc 2100,https://sigla.phis.me/document/KH%20Wc%202100/,1
1,ja-ku-ti,True,3,KN 1a,https://sigla.phis.me/document/KN%201a/,1
1,ja-du-ra-ti,True,4,KN 1b,https://sigla.phis.me/document/KN%201b/,1
1,ru-na,False,2,KN 2,https://sigla.phis.me/document/KN%202/,1
1,su-ju-ta,False,3,KN 22a,https://sigla.phis.me/document/KN%2022a/,2
2,ka-je-[?],False,3,KN 22a,https://sigla.phis.me/document/KN%2022a/,2
1,po-di-*56,False,3,KN 22b,https://sigla.phis.me/document/KN%2022b/,1
1,ma-su-mi-[?]-na-[?],False,6,KN 22c,https://sigla.phis.me/document/KN%2022c/,1
1,[?]-te,False,2,KN 28b,https://sigla.phis.me/document/KN%2028b/,2
2,[?],False,1,KN 28b,https://sigla.phis.me/document/KN%2028b/,2
1,a-pa-[?],False,3,KN 32a,https://sigla.phis.me/document/KN%2032a/,2
2,a-ka-ta-[?],False,4,KN 32a,https://sigla.phis.me/document/KN%2032a/,2
1,[?]-te,False,2,KN 32b,https://sigla.phis.me/document/KN%2032b/,5
2,[?]-sa-pu,False,3,KN 32b,https://sigla.phis.me/document/KN%2032b/,5
3,pa,False,1,KN 32b,https://sigla.phis.me/document/KN%2032b/,5
4,[?]-ja-su,False,3,KN 32b,https://sigla.phis.me/document/KN%2032b/,5
5,[?],False,1,KN 32b,https://sigla.phis.me/document/KN%2032b/,5
1,qa-ki,False,2,KN Wb 33a,https://sigla.phis.me/document/KN%20Wb%2033a/,1
1,nu-se-[?],False,3,KN Wb 33b,https://sigla.phis.me/document/KN%20Wb%2033b/,1
1,ru-ja,True,2,KN Wc 26a,https://sigla.phis.me/document/KN%20Wc%2026a/,1
1,ni-pi,True,2,KN Wc 26b,https://sigla.phis.me/document/KN%20Wc%2026b/,1
1,ka-i-ka,False,3,KN Wc 3,https://sigla.phis.me/document/KN%20Wc%203/,1
1,ja-ra,True,2,KN Wc 30,https://sigla.phis.me/document/KN%20Wc%2030/,1
1,na-a-*56,False,3,KN Zb 20,https://sigla.phis.me/document/KN%20Zb%2020/,1
1,ja,False,1,KN Zb 35,https://sigla.phis.me/document/KN%20Zb%2035/,3
2,di,False,1,KN Zb 35,https://sigla.phis.me/document/KN%20Zb%2035/,3
3,wi,False,1,KN Zb 35,https://sigla.phis.me/document/KN%20Zb%2035/,3
1,[?]-ju,False,2,KN Zb 4,https://sigla.phis.me/document/KN%20Zb%204/,3
2,ja-si,True,2,KN Zb 4,https://sigla.phis.me/document/KN%20Zb%204/,3
3,si,False,1,KN Zb 4,https://sigla.phis.me/document/KN%20Zb%204/,3
1,a-pa-ki,True,3,KN Zb 40,https://sigla.phis.me/document/KN%20Zb%2040/,2
2,u-na-a,True,3,KN Zb 40,https://sigla.phis.me/document/KN%20Zb%2040/,2
1,a-tu-ri-si-ti,True,5,KN Zb 5,https://sigla.phis.me/document/KN%20Zb%205/,1
1,*34-ti-ri,True,3,KN Zc 6,https://sigla.phis.me/document/KN%20Zc%206/,4
2,a-di-da-ki-ti-pa-ku,True,7,KN Zc 6,https://sigla.phis.me/document/KN%20Zc%206/,4
3,ni-ja-nu,True,3,KN Zc 6,https://sigla.phis.me/document/KN%20Zc%206/,4
4,ju-ku-na-pa-ku-nu-u-[?]-i-*79,False,10,KN Zc 6,https://sigla.phis.me/document/KN%20Zc%206/,4
1,a-ka-nu-ze-ti,True,5,KN Zc 7,https://sigla.phis.me/document/KN%20Zc%207/,4
2,du-ra-re,True,3,KN Zc 7,https://sigla.phis.me/document/KN%20Zc%207/,4
3,a-*79-ra,True,3,KN Zc 7,https://sigla.phis.me/document/KN%20Zc%207/,4
4,ja-sa-ra-a-na-ne-wi-pi-[?],False,9,KN Zc 7,https://sigla.phis.me/document/KN%20Zc%207/,4
1,a-pi,True,2,KN Ze 16,https://sigla.phis.me/document/KN%20Ze%2016/,1
1,a-re-ne-si-di-A301-pi-ke-pa-ja-ta-ri-se-te-ri-mu-a-ja-ku,True,19,KN Zf 13,https://sigla.phis.me/document/KN%20Zf%2013/,1
1,ru,False,1,MA 10a,https://sigla.phis.me/document/MA%2010a/,1
1,du-pi-te-wa,False,4,MA 10b,https://sigla.phis.me/document/MA%2010b/,1
1,i-du-wi,True,3,MA 1a,https://sigla.phis.me/document/MA%201a/,2
2,qe-de-mi-nu,True,4,MA 1a,https://sigla.phis.me/document/MA%201a/,2
1,a-ma,True,2,MA 1b,https://sigla.phis.me/document/MA%201b/,2
2,qe-de-mi-nu,True,4,MA 1b,https://sigla.phis.me/document/MA%201b/,2
1,ti,True,1,MA 1c,https://sigla.phis.me/document/MA%201c/,1
1,du-ra,False,2,MA 2a,https://sigla.phis.me/document/MA%202a/,1
1,[?]-re-ti,False,3,MA 2b,https://sigla.phis.me/document/MA%202b/,4
2,ti,False,1,MA 2b,https://sigla.phis.me/document/MA%202b/,4
3,ja-ku,True,2,MA 2b,https://sigla.phis.me/document/MA%202b/,4
4,ti,False,1,MA 2b,https://sigla.phis.me/document/MA%202b/,4
1,u-na-na,False,3,MA 2c,https://sigla.phis.me/document/MA%202c/,2
2,ja-ma-u-ti,False,4,MA 2c,https://sigla.phis.me/document/MA%202c/,2
1,a-[?]-ja,False,3,MA 4b,https://sigla.phis.me/document/MA%204b/,1
1,a-sa-da-ka,True,4,MA Wc _5a_,https://sigla.phis.me/document/MA%20Wc%20%3C5a%3E/,1
1,pu,False,1,MI 2,https://sigla.phis.me/document/MI%202/,3
2,du-ka,False,2,MI 2,https://sigla.phis.me/document/MI%202/,3
3,ka,False,1,MI 2,https://sigla.phis.me/document/MI%202/,3
1,*43,True,1,MY Zf 2,https://sigla.phis.me/document/MY%20Zf%202/,1
1,a-ku-ju-pa-*118,True,5,PA 1,https://sigla.phis.me/document/PA%201/,1
1,A355-e-A354,True,3,PH 10,https://sigla.phis.me/document/PH%2010/,1
1,[unclassified]-*180-A339-*100,False,4,PH 12a,https://sigla.phis.me/document/PH%2012a/,1
1,[?],False,1,PH 12b,https://sigla.phis.me/document/PH%2012b/,1
1,A328,False,1,PH 13a,https://sigla.phis.me/document/PH%2013a/,1
1,A356,True,1,PH 13b,https://sigla.phis.me/document/PH%2013b/,1
1,te-*79,False,2,PH 13c,https://sigla.phis.me/document/PH%2013c/,1
1,ja-A304,True,2,PH 14a,https://sigla.phis.me/document/PH%2014a/,1
1,a-mi,False,2,PH 14b,https://sigla.phis.me/document/PH%2014b/,1
1,ma-te-re,False,3,PH 15a,https://sigla.phis.me/document/PH%2015a/,1
1,[?]-A357,False,2,PH 15b,https://sigla.phis.me/document/PH%2015b/,1
1,A320-na-[?],False,3,PH 16a,https://sigla.phis.me/document/PH%2016a/,2
2,[?]-A358-ni-[?],False,4,PH 16a,https://sigla.phis.me/document/PH%2016a/,2
1,[?]-ja-sa,False,3,PH 16b,https://sigla.phis.me/document/PH%2016b/,2
2,[?]-A320-[?],False,3,PH 16b,https://sigla.phis.me/document/PH%2016b/,2
1,A359,True,1,PH 17a,https://sigla.phis.me/document/PH%2017a/,1
1,A360,True,1,PH 17b,https://sigla.phis.me/document/PH%2017b/,1
1,[?]-wi-ja,False,3,PH 18a,https://sigla.phis.me/document/PH%2018a/,1
1,[?],False,1,PH 18b,https://sigla.phis.me/document/PH%2018b/,1
1,pi-o,False,2,PH 19,https://sigla.phis.me/document/PH%2019/,1
1,di-ra-di-na,False,4,PH 1a,https://sigla.phis.me/document/PH%201a/,2
2,ja,False,1,PH 1a,https://sigla.phis.me/document/PH%201a/,2
1,[?]-na,False,2,PH 1b,https://sigla.phis.me/document/PH%201b/,1
1,a-se-tu-qif,True,4,PH 2,https://sigla.phis.me/document/PH%202/,4
2,ra-o-di-ki,True,4,PH 2,https://sigla.phis.me/document/PH%202/,4
3,pi-ru-e-ju,True,4,PH 2,https://sigla.phis.me/document/PH%202/,4
4,se-sa-*56,True,3,PH 2,https://sigla.phis.me/document/PH%202/,4
1,[?],False,1,PH 22b,https://sigla.phis.me/document/PH%2022b/,1
1,ro-e,True,2,PH 24,https://sigla.phis.me/document/PH%2024/,1
1,[?],False,1,PH 25,https://sigla.phis.me/document/PH%2025/,1
1,[?]-A314,False,2,PH 26,https://sigla.phis.me/document/PH%2026/,1
1,te-[?],False,2,PH 27,https://sigla.phis.me/document/PH%2027/,2
2,a,False,1,PH 27,https://sigla.phis.me/document/PH%2027/,2
1,a-*56-[?],False,3,PH 28a,https://sigla.phis.me/document/PH%2028a/,3
2,ja-ki-*56-[?],False,4,PH 28a,https://sigla.phis.me/document/PH%2028a/,3
3,a-ri-ja,False,3,PH 28a,https://sigla.phis.me/document/PH%2028a/,3
1,[unclassified],False,1,PH 28b,https://sigla.phis.me/document/PH%2028b/,1
1,[unclassified],False,1,PH 29a,https://sigla.phis.me/document/PH%2029a/,1
1,[unclassified],False,1,PH 29b,https://sigla.phis.me/document/PH%2029b/,1
1,[?]-ti-ri,False,3,PH 30,https://sigla.phis.me/document/PH%2030/,2
2,ma-re-ri-mi-de,False,5,PH 30,https://sigla.phis.me/document/PH%2030/,2
1,[?]-a-[?],False,3,PH 31a,https://sigla.phis.me/document/PH%2031a/,6
2,ru,False,1,PH 31a,https://sigla.phis.me/document/PH%2031a/,6
3,ma-di,True,2,PH 31a,https://sigla.phis.me/document/PH%2031a/,6
4,ku-*56-nu,True,3,PH 31a,https://sigla.phis.me/document/PH%2031a/,6
5,pa-ta-da,True,3,PH 31a,https://sigla.phis.me/document/PH%2031a/,6
6,ku-ro,True,2,PH 31a,https://sigla.phis.me/document/PH%2031a/,6
1,du-ri,False,2,PH 31b,https://sigla.phis.me/document/PH%2031b/,7
2,tu-[?],False,2,PH 31b,https://sigla.phis.me/document/PH%2031b/,7
3,ne,False,1,PH 31b,https://sigla.phis.me/document/PH%2031b/,7
4,te-ri,True,2,PH 31b,https://sigla.phis.me/document/PH%2031b/,7
5,ri-ru-ma-ti,False,4,PH 31b,https://sigla.phis.me/document/PH%2031b/,7
6,[?],False,1,PH 31b,https://sigla.phis.me/document/PH%2031b/,7
7,a-mi-da-o,True,4,PH 31b,https://sigla.phis.me/document/PH%2031b/,7
1,[?],False,1,PH 3a,https://sigla.phis.me/document/PH%203a/,3
2,pa-ra,True,2,PH 3a,https://sigla.phis.me/document/PH%203a/,3
3,[?]-[?],False,2,PH 3a,https://sigla.phis.me/document/PH%203a/,3
1,[?],False,1,PH 3b,https://sigla.phis.me/document/PH%203b/,3
2,to,False,1,PH 3b,https://sigla.phis.me/document/PH%203b/,3
3,si,False,1,PH 3b,https://sigla.phis.me/document/PH%203b/,3
1,i-na-wa,True,3,PH 6,https://sigla.phis.me/document/PH%206/,5
2,a-ri,True,2,PH 6,https://sigla.phis.me/document/PH%206/,5
3,i-*79-ri-ni-ta,True,5,PH 6,https://sigla.phis.me/document/PH%206/,5
4,a-ri,True,2,PH 6,https://sigla.phis.me/document/PH%206/,5
5,i-da-*56-i-sa-ri,True,6,PH 6,https://sigla.phis.me/document/PH%206/,5
1,di-pa-ja,False,3,PH 7a,https://sigla.phis.me/document/PH%207a/,4
2,u-di-ri-ki,False,4,PH 7a,https://sigla.phis.me/document/PH%207a/,4
3,ja-ru-ma-ne,False,4,PH 7a,https://sigla.phis.me/document/PH%207a/,4
4,ja-si-da-ra,False,4,PH 7a,https://sigla.phis.me/document/PH%207a/,4
1,ta,False,1,PH 7b,https://sigla.phis.me/document/PH%207b/,2
2,da-ra,False,2,PH 7b,https://sigla.phis.me/document/PH%207b/,2
1,A317-qe-A353,True,3,PH 9a,https://sigla.phis.me/document/PH%209a/,1
1,su-ki-ra-ta,True,4,PH Wa 32,https://sigla.phis.me/document/PH%20Wa%2032/,1
1,ka-A314-si,True,3,PH Wc 37a,https://sigla.phis.me/document/PH%20Wc%2037a/,1
1,A314-ta-ma,True,3,PH Wc 38,https://sigla.phis.me/document/PH%20Wc%2038/,1
1,ja-di,True,2,PH Wc 39a,https://sigla.phis.me/document/PH%20Wc%2039a/,1
1,A320-A320-ma,True,3,PH Wc 40a,https://sigla.phis.me/document/PH%20Wc%2040a/,1
1,[?]-[?]-[?],False,3,PH Wc 45,https://sigla.phis.me/document/PH%20Wc%2045/,1
1,ta-na-i-A301-ti,True,5,PS Za 2,https://sigla.phis.me/document/PS%20Za%202/,5
2,[?],False,1,PS Za 2,https://sigla.phis.me/document/PS%20Za%202/,5
3,ja-ti,False,2,PS Za 2,https://sigla.phis.me/document/PS%20Za%202/,5
4,ja-sa-sa-ra-me,True,5,PS Za 2,https://sigla.phis.me/document/PS%20Za%202/,5
5,re-i-ke,False,3,PS Za 2,https://sigla.phis.me/document/PS%20Za%202/,5
1,ti-ma-ru-wi-te,True,5,PYR 1,https://sigla.phis.me/document/PYR%201/,1
1,a-ta-i-A301-wa-ja,True,6,SY Za 4,https://sigla.phis.me/document/SY%20Za%204/,3
2,ja-i-nwa-za,True,4,SY Za 4,https://sigla.phis.me/document/SY%20Za%204/,3
3,*56-ni-wi,True,3,SY Za 4,https://sigla.phis.me/document/SY%20Za%204/,3
1,A309b-[?]-*34-pu-pi,False,5,TY 2,https://sigla.phis.me/document/TY%202/,13
2,A309a-[?],False,2,TY 2,https://sigla.phis.me/document/TY%202/,13
3,A309b-[?]-ki-pu,False,4,TY 2,https://sigla.phis.me/document/TY%202/,13
4,A309a-[?]-da-pu,False,4,TY 2,https://sigla.phis.me/document/TY%202/,13
5,pa-da-ru,True,3,TY 2,https://sigla.phis.me/document/TY%202/,13
6,A309a-ju-ki,True,3,TY 2,https://sigla.phis.me/document/TY%202/,13
7,A309a-ri-ju,True,3,TY 2,https://sigla.phis.me/document/TY%202/,13
8,A309a-[?],False,2,TY 2,https://sigla.phis.me/document/TY%202/,13
9,A309c-ri-da-[?]-ju,False,5,TY 2,https://sigla.phis.me/document/TY%202/,13
10,A309c-ri-ka-ru,True,4,TY 2,https://sigla.phis.me/document/TY%202/,13
11,A309b-ri-[?]-wa-ju,False,5,TY 2,https://sigla.phis.me/document/TY%202/,13
12,A309b-ri-ju-[?],False,4,TY 2,https://sigla.phis.me/document/TY%202/,13
13,A309b,False,1,TY 2,https://sigla.phis.me/document/TY%202/,13
1,za-A321,False,2,TY 3a,https://sigla.phis.me/document/TY%203a/,5
2,a-du-[?]-[?],False,4,TY 3a,https://sigla.phis.me/document/TY%203a/,5
3,a-da,True,2,TY 3a,https://sigla.phis.me/document/TY%203a/,5
4,ko-a-du-wa,True,4,TY 3a,https://sigla.phis.me/document/TY%203a/,5
5,a-ku-tu-A361,False,4,TY 3a,https://sigla.phis.me/document/TY%203a/,5
1,ki-ri-si,True,3,TY 3b,https://sigla.phis.me/document/TY%203b/,3
2,pi-ku-*79,True,3,TY 3b,https://sigla.phis.me/document/TY%203b/,3
3,pa-mi,True,2,TY 3b,https://sigla.phis.me/document/TY%203b/,3
1,ta-na-te,True,3,ZA 10a,https://sigla.phis.me/document/ZA%2010a/,7
2,a-ku-mi-na,True,4,ZA 10a,https://sigla.phis.me/document/ZA%2010a/,7
3,a-ta-na-te,True,4,ZA 10a,https://sigla.phis.me/document/ZA%2010a/,7
4,a-mi-da-u,True,4,ZA 10a,https://sigla.phis.me/document/ZA%2010a/,7
5,a-du-ku-mi-na,True,5,ZA 10a,https://sigla.phis.me/document/ZA%2010a/,7
6,da-i-pi-ta,True,4,ZA 10a,https://sigla.phis.me/document/ZA%2010a/,7
7,du-re-za-se,True,4,ZA 10a,https://sigla.phis.me/document/ZA%2010a/,7
1,wa-A362,True,2,ZA 10b,https://sigla.phis.me/document/ZA%2010b/,11
2,du-re-za-se,True,4,ZA 10b,https://sigla.phis.me/document/ZA%2010b/,11
3,u-*49,True,2,ZA 10b,https://sigla.phis.me/document/ZA%2010b/,11
4,ma-za,True,2,ZA 10b,https://sigla.phis.me/document/ZA%2010b/,11
5,ma-ki-de-te,True,4,ZA 10b,https://sigla.phis.me/document/ZA%2010b/,11
6,sa-ma,True,2,ZA 10b,https://sigla.phis.me/document/ZA%2010b/,11
7,a-de,True,2,ZA 10b,https://sigla.phis.me/document/ZA%2010b/,11
8,a-mi-ta,True,3,ZA 10b,https://sigla.phis.me/document/ZA%2010b/,11
9,ra2-ro-re,True,3,ZA 10b,https://sigla.phis.me/document/ZA%2010b/,11
10,pa-ja-re,True,3,ZA 10b,https://sigla.phis.me/document/ZA%2010b/,11
11,ka-ku-ne-te,True,4,ZA 10b,https://sigla.phis.me/document/ZA%2010b/,11
1,di-di-ko-ra-me-ta2,True,6,ZA 11a,https://sigla.phis.me/document/ZA%2011a/,5
2,ra-ma-si,False,3,ZA 11a,https://sigla.phis.me/document/ZA%2011a/,5
3,e-ku-ru,False,3,ZA 11a,https://sigla.phis.me/document/ZA%2011a/,5
4,ku-pa,True,2,ZA 11a,https://sigla.phis.me/document/ZA%2011a/,5
5,pi-A310-a,False,3,ZA 11a,https://sigla.phis.me/document/ZA%2011a/,5
1,e-to-ri,True,3,ZA 11b,https://sigla.phis.me/document/ZA%2011b/,4
2,sa-A301-ri,True,3,ZA 11b,https://sigla.phis.me/document/ZA%2011b/,4
3,i-de,False,2,ZA 11b,https://sigla.phis.me/document/ZA%2011b/,4
4,ku-pa,True,2,ZA 11b,https://sigla.phis.me/document/ZA%2011b/,4
1,[?]-su-pa,False,3,ZA 13,https://sigla.phis.me/document/ZA%2013/,1
1,me-ki-di,True,3,ZA 14,https://sigla.phis.me/document/ZA%2014/,8
2,qif-*118,True,2,ZA 14,https://sigla.phis.me/document/ZA%2014/,8
3,pu-ni-ka-A363,True,4,ZA 14,https://sigla.phis.me/document/ZA%2014/,8
4,qa-ti-ju,True,3,ZA 14,https://sigla.phis.me/document/ZA%2014/,8
5,ku-pi,True,2,ZA 14,https://sigla.phis.me/document/ZA%2014/,8
6,tu-mi-ti-za-se,True,5,ZA 14,https://sigla.phis.me/document/ZA%2014/,8
7,pa-nu-qe,True,3,ZA 14,https://sigla.phis.me/document/ZA%2014/,8
8,ja-wi,False,2,ZA 14,https://sigla.phis.me/document/ZA%2014/,8
1,*47-ku-na,True,3,ZA 15a,https://sigla.phis.me/document/ZA%2015a/,9
2,qe-si-*79-e,True,4,ZA 15a,https://sigla.phis.me/document/ZA%2015a/,9
3,i-ti-ni-sa,True,4,ZA 15a,https://sigla.phis.me/document/ZA%2015a/,9
4,mi-za-se,True,3,ZA 15a,https://sigla.phis.me/document/ZA%2015a/,9
5,ib-nu-ma-re,True,4,ZA 15a,https://sigla.phis.me/document/ZA%2015a/,9
6,si-[?]-ki,False,3,ZA 15a,https://sigla.phis.me/document/ZA%2015a/,9
7,ja-sa-mu,True,3,ZA 15a,https://sigla.phis.me/document/ZA%2015a/,9
8,mi-da-e,True,3,ZA 15a,https://sigla.phis.me/document/ZA%2015a/,9
9,A364-ke-ma-se,True,4,ZA 15a,https://sigla.phis.me/document/ZA%2015a/,9
1,ka-di,True,2,ZA 15b,https://sigla.phis.me/document/ZA%2015b/,2
2,ku-ro,True,2,ZA 15b,https://sigla.phis.me/document/ZA%2015b/,2
1,[?]-si,False,2,ZA 16,https://sigla.phis.me/document/ZA%2016/,3
2,[?],False,1,ZA 16,https://sigla.phis.me/document/ZA%2016/,3
3,[?],False,1,ZA 16,https://sigla.phis.me/document/ZA%2016/,3
1,da-re-ku,False,3,ZA 18a,https://sigla.phis.me/document/ZA%2018a/,2
2,ku-A321,True,2,ZA 18a,https://sigla.phis.me/document/ZA%2018a/,2
1,ra-te-[?],False,3,ZA 19,https://sigla.phis.me/document/ZA%2019/,1
1,ki-re-za,True,3,ZA 1a,https://sigla.phis.me/document/ZA%201a/,1
1,e-mi-[?],False,3,ZA 1b,https://sigla.phis.me/document/ZA%201b/,2
2,ro,False,1,ZA 1b,https://sigla.phis.me/document/ZA%201b/,2
1,[?],False,1,ZA 20,https://sigla.phis.me/document/ZA%2020/,8
2,du-re-za-se,True,4,ZA 20,https://sigla.phis.me/document/ZA%2020/,8
3,mi-[?]-[?],False,3,ZA 20,https://sigla.phis.me/document/ZA%2020/,8
4,si-te-tu,True,3,ZA 20,https://sigla.phis.me/document/ZA%2020/,8
5,si-tu,True,2,ZA 20,https://sigla.phis.me/document/ZA%2020/,8
6,te-*123,True,2,ZA 20,https://sigla.phis.me/document/ZA%2020/,8
7,ru-ma-ta-se,True,4,ZA 20,https://sigla.phis.me/document/ZA%2020/,8
8,ku-ra,True,2,ZA 20,https://sigla.phis.me/document/ZA%2020/,8
1,[?]-me,False,2,ZA 21a,https://sigla.phis.me/document/ZA%2021a/,9
2,pi-mu,False,2,ZA 21a,https://sigla.phis.me/document/ZA%2021a/,9
3,ma,False,1,ZA 21a,https://sigla.phis.me/document/ZA%2021a/,9
4,te,False,1,ZA 21a,https://sigla.phis.me/document/ZA%2021a/,9
5,ta-ke,False,2,ZA 21a,https://sigla.phis.me/document/ZA%2021a/,9
6,pa,False,1,ZA 21a,https://sigla.phis.me/document/ZA%2021a/,9
7,ta-ma-pi,True,3,ZA 21a,https://sigla.phis.me/document/ZA%2021a/,9
8,a,False,1,ZA 21a,https://sigla.phis.me/document/ZA%2021a/,9
9,*118-mi,False,2,ZA 21a,https://sigla.phis.me/document/ZA%2021a/,9
1,i-da,False,2,ZA 21b,https://sigla.phis.me/document/ZA%2021b/,6
2,ki,False,1,ZA 21b,https://sigla.phis.me/document/ZA%2021b/,6
3,sa-ri,False,2,ZA 21b,https://sigla.phis.me/document/ZA%2021b/,6
4,[?],False,1,ZA 21b,https://sigla.phis.me/document/ZA%2021b/,6
5,[?],False,1,ZA 21b,https://sigla.phis.me/document/ZA%2021b/,6
6,me,False,1,ZA 21b,https://sigla.phis.me/document/ZA%2021b/,6
1,ra,False,1,ZA 22,https://sigla.phis.me/document/ZA%2022/,2
2,du-ju,False,2,ZA 22,https://sigla.phis.me/document/ZA%2022/,2
1,te-te,False,2,ZA 23,https://sigla.phis.me/document/ZA%2023/,2
2,mi-re,False,2,ZA 23,https://sigla.phis.me/document/ZA%2023/,2
1,i-da,True,2,ZA 24a,https://sigla.phis.me/document/ZA%2024a/,1
1,ta,False,1,ZA 24b,https://sigla.phis.me/document/ZA%2024b/,1
1,[?],False,1,ZA 25,https://sigla.phis.me/document/ZA%2025/,1
1,si-te,True,2,ZA 26a,https://sigla.phis.me/document/ZA%2026a/,4
2,di-di,False,2,ZA 26a,https://sigla.phis.me/document/ZA%2026a/,4
3,ja-ki,False,2,ZA 26a,https://sigla.phis.me/document/ZA%2026a/,4
4,[?],False,1,ZA 26a,https://sigla.phis.me/document/ZA%2026a/,4
1,di-ki,False,2,ZA 27,https://sigla.phis.me/document/ZA%2027/,2
2,o-mi,False,2,ZA 27,https://sigla.phis.me/document/ZA%2027/,2
1,ma,False,1,ZA 29,https://sigla.phis.me/document/ZA%2029/,2
2,te,False,1,ZA 29,https://sigla.phis.me/document/ZA%2029/,2
1,du,False,1,ZA 31,https://sigla.phis.me/document/ZA%2031/,1
1,ja,False,1,ZA 32,https://sigla.phis.me/document/ZA%2032/,1
1,pi-[?]-se,False,3,ZA 4a,https://sigla.phis.me/document/ZA%204a/,10
2,ja-to-ja,True,3,ZA 4a,https://sigla.phis.me/document/ZA%204a/,10
3,a-ti-ru,True,3,ZA 4a,https://sigla.phis.me/document/ZA%204a/,10
4,ja-pa,True,2,ZA 4a,https://sigla.phis.me/document/ZA%204a/,10
5,tu-me-se,False,3,ZA 4a,https://sigla.phis.me/document/ZA%204a/,10
6,qe-si-*79-e,True,4,ZA 4a,https://sigla.phis.me/document/ZA%204a/,10
7,ib-nu-ma-re,True,4,ZA 4a,https://sigla.phis.me/document/ZA%204a/,10
8,si-pi-ki,True,3,ZA 4a,https://sigla.phis.me/document/ZA%204a/,10
9,e-*82,True,2,ZA 4a,https://sigla.phis.me/document/ZA%204a/,10
10,ka-di,True,2,ZA 4a,https://sigla.phis.me/document/ZA%204a/,10
1,qif-*118,True,2,ZA 5a,https://sigla.phis.me/document/ZA%205a/,4
2,ki-ni-ma,True,3,ZA 5a,https://sigla.phis.me/document/ZA%205a/,4
3,o-ta-ni-za-se,True,5,ZA 5a,https://sigla.phis.me/document/ZA%205a/,4
4,sa-mi-da-e,False,4,ZA 5a,https://sigla.phis.me/document/ZA%205a/,4
1,ib-nu-ma-re,True,4,ZA 5b,https://sigla.phis.me/document/ZA%205b/,3
2,si-pi-ki,True,3,ZA 5b,https://sigla.phis.me/document/ZA%205b/,3
3,ma-ka-i-ta,True,4,ZA 5b,https://sigla.phis.me/document/ZA%205b/,3
1,A305-wa-na,True,3,ZA 6a,https://sigla.phis.me/document/ZA%206a/,6
2,*34-ju-te-mi,False,4,ZA 6a,https://sigla.phis.me/document/ZA%206a/,6
3,i-se,False,2,ZA 6a,https://sigla.phis.me/document/ZA%206a/,6
4,i,False,1,ZA 6a,https://sigla.phis.me/document/ZA%206a/,6
5,pu2-ra2,False,2,ZA 6a,https://sigla.phis.me/document/ZA%206a/,6
6,i-se,False,2,ZA 6a,https://sigla.phis.me/document/ZA%206a/,6
1,i-ku-ju-ti-ib,True,5,ZA 6b,https://sigla.phis.me/document/ZA%206b/,4
2,A312-ta2,True,2,ZA 6b,https://sigla.phis.me/document/ZA%206b/,4
3,pa-za,False,2,ZA 6b,https://sigla.phis.me/document/ZA%206b/,4
4,i-ma,False,2,ZA 6b,https://sigla.phis.me/document/ZA%206b/,4
1,u-ju,True,2,ZA 7a,https://sigla.phis.me/document/ZA%207a/,3
2,a-ra-tu,True,3,ZA 7a,https://sigla.phis.me/document/ZA%207a/,3
3,a-re-tu-mi,False,4,ZA 7a,https://sigla.phis.me/document/ZA%207a/,3
1,a-ma,False,2,ZA 7b,https://sigla.phis.me/document/ZA%207b/,1
1,ki-ra,True,2,ZA 8,https://sigla.phis.me/document/ZA%208/,8
2,a-ta-re,True,3,ZA 8,https://sigla.phis.me/document/ZA%208/,8
3,ku-tu-ko-re,True,4,ZA 8,https://sigla.phis.me/document/ZA%208/,8
4,a-ri-ni-ta,True,4,ZA 8,https://sigla.phis.me/document/ZA%208/,8
5,ta-i-nu-ma-pa,True,5,ZA 8,https://sigla.phis.me/document/ZA%208/,8
6,ma-ka-i-se,True,4,ZA 8,https://sigla.phis.me/document/ZA%208/,8
7,da-i-pi-ta,True,4,ZA 8,https://sigla.phis.me/document/ZA%208/,8
8,ka-i-ro,True,3,ZA 8,https://sigla.phis.me/document/ZA%208/,8
1,[?]-nu-ti,False,3,ZA 9,https://sigla.phis.me/document/ZA%209/,8
2,za-[?],False,2,ZA 9,https://sigla.phis.me/document/ZA%209/,8
3,[?]-ra,False,2,ZA 9,https://sigla.phis.me/document/ZA%209/,8
4,[?],False,1,ZA 9,https://sigla.phis.me/document/ZA%209/,8
5,ro-si-ra,False,3,ZA 9,https://sigla.phis.me/document/ZA%209/,8
6,a-ta-na-[?],False,4,ZA 9,https://sigla.phis.me/document/ZA%209/,8
7,[?]-ma-ju,False,3,ZA 9,https://sigla.phis.me/document/ZA%209/,8
8,wi-ra-re-mi-te,True,5,ZA 9,https://sigla.phis.me/document/ZA%209/,8
1,a-ti-ka,True,3,ZA Wc 2,https://sigla.phis.me/document/ZA%20Wc%202/,2
2,a-du-ko-mi,True,4,ZA Wc 2,https://sigla.phis.me/document/ZA%20Wc%202/,2
