site,number_documents,document_name,link,type,signs,words,location,period,motif,width_cm,height_cm,depth_cm
Arkhanes,10,ARKH 1a,https://sigla.phis.me/document/ARKH%201a/,Tablet,18,6,Arkhanes,LM I,,6,8,0.95
Arkhanes,10,ARKH 1b,https://sigla.phis.me/document/ARKH%201b/,Tablet,5,4,Arkhanes,LM I,,6,8,0.95
Arkhanes,10,ARKH 2,https://sigla.phis.me/document/ARKH%202/,Tablet,23,6,Arkhanes,LM I,,4.9,7.5,0.7
Arkhanes,10,ARKH 3a,https://sigla.phis.me/document/ARKH%203a/,Tablet,12,3,Arkhanes,LM I,,5.5,10.1,1.25
Arkhanes,10,ARKH 3b,https://sigla.phis.me/document/ARKH%203b/,Tablet,9,2,Arkhanes,LM I,,5.5,10.1,1.25
Arkhanes,10,ARKH 4a,https://sigla.phis.me/document/ARKH%204a/,Tablet,19,5,Arkhanes,LM I,,7.65,7.5,1.2
Arkhanes,10,ARKH 4b,https://sigla.phis.me/document/ARKH%204b/,Tablet,13,6,Arkhanes,LM I,,5.5,10.1,1.25
Arkhanes,10,ARKH 5,https://sigla.phis.me/document/ARKH%205/,Tablet,11,3,Arkhanes,LM I,,7.8,5.7,1.2
Arkhanes,10,ARKH 6,https://sigla.phis.me/document/ARKH%206/,Tablet,6,3,Arkhanes,LM I,,4.9,2.6,0.7
Arkhanes,10,ARKH 7,https://sigla.phis.me/document/ARKH%207/,Tablet,2,1,Arkhanes,LM I,,2.2,4.3,0.7
Gournia,2,GO Wc 1a,https://sigla.phis.me/document/GO%20Wc%201a/,Roundel,6,1,Gournia,LM IB,bull,3.5,3.5,1
Gournia,2,GO Wc 1b,https://sigla.phis.me/document/GO%20Wc%201b/,Roundel,1,0,Gournia,LM IB,bull,3.5,3.5,1
Haghia Triada,372,HT 1,https://sigla.phis.me/document/HT%201/,Tablet,18,6,Haghia Triada,LM IB,,6.6,7,0.9
Haghia Triada,372,HT 100,https://sigla.phis.me/document/HT%20100/,Tablet,23,2,Haghia Triada,LM IB,,7.5,10,0.9
Haghia Triada,372,HT 101,https://sigla.phis.me/document/HT%20101/,Tablet,23,4,Haghia Triada,LM IB,,4.9,7.4,1
Haghia Triada,372,HT 102,https://sigla.phis.me/document/HT%20102/,Tablet,22,7,Haghia Triada,LM IB,,6.1,7,1
Haghia Triada,372,HT 103,https://sigla.phis.me/document/HT%20103/,Tablet,20,5,Haghia Triada,LM IB,,5.4,7.3,1
Haghia Triada,372,HT 104,https://sigla.phis.me/document/HT%20104/,Tablet,19,5,Haghia Triada,LM IB,,4.3,7.6,0.8
Haghia Triada,372,HT 107,https://sigla.phis.me/document/HT%20107/,Tablet,4,0,Haghia Triada,LM IB,,5.3,4.5,0.8
Haghia Triada,372,HT 108,https://sigla.phis.me/document/HT%20108/,Tablet,16,4,Haghia Triada,LM IB,,4.9,5.7,0.9
Haghia Triada,372,HT 109,https://sigla.phis.me/document/HT%20109/,Tablet,8,5,Haghia Triada,LM IB,,6.9,7.3,1.2
Haghia Triada,372,HT 10a,https://sigla.phis.me/document/HT%2010a/,Tablet,27,8,Haghia Triada,LM IB,,6.1,5.7,1.1
Haghia Triada,372,HT 10b,https://sigla.phis.me/document/HT%2010b/,Tablet,21,6,Haghia Triada,LM IB,,6.1,5.7,1.1
Haghia Triada,372,HT 110a,https://sigla.phis.me/document/HT%20110a/,Tablet,12,4,Haghia Triada,LM IB,,5.1,8.5,0.7
Haghia Triada,372,HT 110b,https://sigla.phis.me/document/HT%20110b/,Tablet,14,2,Haghia Triada,LM IB,,5.1,8.5,0.7
Haghia Triada,372,HT 112a,https://sigla.phis.me/document/HT%20112a/,Tablet,4,2,Haghia Triada,LM IB,,2.3,3.8,0.6
Haghia Triada,372,HT 112b,https://sigla.phis.me/document/HT%20112b/,Tablet,2,1,Haghia Triada,LM IB,,2.3,3.8,0.6
Haghia Triada,372,HT 113 ter,https://sigla.phis.me/document/HT%20113%20ter/,Tablet,2,1,Haghia Triada,LM IB,,1.6,2.1,0.3
Haghia Triada,372,HT 113,https://sigla.phis.me/document/HT%20113/,Tablet,10,2,Haghia Triada,LM IB,,5.5,6.2,0.9
Haghia Triada,372,HT 114a,https://sigla.phis.me/document/HT%20114a/,Tablet,10,2,Haghia Triada,LM IB,,3.8,5.6,0.8
Haghia Triada,372,HT 114b,https://sigla.phis.me/document/HT%20114b/,Tablet,1,0,Haghia Triada,LM IB,,3.8,5.6,0.8
Haghia Triada,372,HT 115a,https://sigla.phis.me/document/HT%20115a/,Tablet,40,7,Haghia Triada,LM IB,,6.1,8.3,1.1
Haghia Triada,372,HT 115b,https://sigla.phis.me/document/HT%20115b/,Tablet,32,9,Haghia Triada,LM IB,,6.1,8.3,1.1
Haghia Triada,372,HT 116a,https://sigla.phis.me/document/HT%20116a/,Tablet,34,6,Haghia Triada,LM IB,,5.2,7.6,0.6
Haghia Triada,372,HT 116b,https://sigla.phis.me/document/HT%20116b/,Tablet,5,1,Haghia Triada,LM IB,,5.2,7.6,0.6
Haghia Triada,372,HT 117a,https://sigla.phis.me/document/HT%20117a/,Tablet,61,20,Haghia Triada,LM IB,,6.7,10.9,0.8
Haghia Triada,372,HT 117b,https://sigla.phis.me/document/HT%20117b/,Tablet,9,3,Haghia Triada,LM IB,,6.7,10.9,0.8
Haghia Triada,372,HT 118,https://sigla.phis.me/document/HT%20118/,Tablet,19,5,Haghia Triada,LM IB,,5.3,7.5,0.8
Haghia Triada,372,HT 119,https://sigla.phis.me/document/HT%20119/,Tablet,20,7,Haghia Triada,LM IB,,6.3,7.6,0.8
Haghia Triada,372,HT 11a,https://sigla.phis.me/document/HT%2011a/,Tablet,19,6,Haghia Triada,LM IB,,4.4,5.8,0.7
Haghia Triada,372,HT 11b,https://sigla.phis.me/document/HT%2011b/,Tablet,18,6,Haghia Triada,LM IB,,4.4,5.8,0.7
Haghia Triada,372,HT 12,https://sigla.phis.me/document/HT%2012/,Tablet,19,3,Haghia Triada,LM IB,,5.8,9.2,-1
Haghia Triada,372,HT 120,https://sigla.phis.me/document/HT%20120/,Tablet,23,5,Haghia Triada,LM IB,,5.3,8.3,0.9
Haghia Triada,372,HT 121,https://sigla.phis.me/document/HT%20121/,Tablet,11,2,Haghia Triada,LM IB,,4.1,6,1
Haghia Triada,372,HT 122a,https://sigla.phis.me/document/HT%20122a/,Tablet,46,19,Haghia Triada,LM IB,,5.8,8.7,0.8
Haghia Triada,372,HT 122b,https://sigla.phis.me/document/HT%20122b/,Tablet,26,8,Haghia Triada,LM IB,,5.8,8.7,0.8
Haghia Triada,372,HT 123a,https://sigla.phis.me/document/HT%20123a/,Tablet,51,12,Haghia Triada,LM IB,,5.5,10.1,0.8
Haghia Triada,372,HT 123b,https://sigla.phis.me/document/HT%20123b/,Tablet,35,10,Haghia Triada,LM IB,,5.5,10.1,0.8
Haghia Triada,372,HT 126a,https://sigla.phis.me/document/HT%20126a/,Tablet,15,6,Haghia Triada,LM IB,,4.1,5.9,1
Haghia Triada,372,HT 126b,https://sigla.phis.me/document/HT%20126b/,Tablet,6,0,Haghia Triada,LM IB,,4.1,5.9,1
Haghia Triada,372,HT 127a,https://sigla.phis.me/document/HT%20127a/,Tablet,7,2,Haghia Triada,LM IB,,6.4,7.8,0.8
Haghia Triada,372,HT 127b,https://sigla.phis.me/document/HT%20127b/,Tablet,11,3,Haghia Triada,LM IB,,6.4,7.8,0.8
Haghia Triada,372,HT 128a,https://sigla.phis.me/document/HT%20128a/,Tablet,23,7,Haghia Triada,LM IB,,5.7,5.7,0.9
Haghia Triada,372,HT 128b,https://sigla.phis.me/document/HT%20128b/,Tablet,7,2,Haghia Triada,LM IB,,5.7,5.7,0.9
Haghia Triada,372,HT 129,https://sigla.phis.me/document/HT%20129/,Tablet,15,2,Haghia Triada,LM IB,,5.5,5.3,0.9
Haghia Triada,372,HT 13,https://sigla.phis.me/document/HT%2013/,Tablet,27,8,Haghia Triada,LM IB,,6.1,10.5,0.8
Haghia Triada,372,HT 130,https://sigla.phis.me/document/HT%20130/,Tablet,9,3,Haghia Triada,LM IB,,5.9,10,0.8
Haghia Triada,372,HT 131a,https://sigla.phis.me/document/HT%20131a/,Tablet,11,2,Haghia Triada,LM IB,,4.5,5,0.9
Haghia Triada,372,HT 131b,https://sigla.phis.me/document/HT%20131b/,Tablet,9,2,Haghia Triada,LM IB,,4.5,5,0.9
Haghia Triada,372,HT 132,https://sigla.phis.me/document/HT%20132/,Tablet,9,2,Haghia Triada,LM IB,,5.5,2.7,0.8
Haghia Triada,372,HT 133,https://sigla.phis.me/document/HT%20133/,Tablet,4,1,Haghia Triada,LM IB,,3.7,3.8,0.6
Haghia Triada,372,HT 135a,https://sigla.phis.me/document/HT%20135a/,Tablet,11,5,Haghia Triada,LM IB,,5,5.6,0.7
Haghia Triada,372,HT 135b,https://sigla.phis.me/document/HT%20135b/,Tablet,4,1,Haghia Triada,LM IB,,5,5.6,0.7
Haghia Triada,372,HT 136a,https://sigla.phis.me/document/HT%20136a/,Tablet,3,1,Haghia Triada,LM IB,,2.4,5.4,0.8
Haghia Triada,372,HT 136b,https://sigla.phis.me/document/HT%20136b/,Tablet,0,0,Haghia Triada,LM IB,,2.4,5.4,0.8
Haghia Triada,372,HT 137,https://sigla.phis.me/document/HT%20137/,Tablet,6,3,Haghia Triada,LM IB,,4.3,4.5,0.5
Haghia Triada,372,HT 139,https://sigla.phis.me/document/HT%20139/,Tablet,9,2,Haghia Triada,LM IB,,3.3,3.4,0.9
Haghia Triada,372,HT 14,https://sigla.phis.me/document/HT%2014/,Tablet,18,2,Haghia Triada,LM IB,,6.2,9.9,0.9
Haghia Triada,372,HT 140,https://sigla.phis.me/document/HT%20140/,Tablet,32,7,Haghia Triada,LM IB,,6.6,9.4,0.7
Haghia Triada,372,HT 141,https://sigla.phis.me/document/HT%20141/,Tablet,5,2,Haghia Triada,LM IB,,2.3,2.9,0.6
Haghia Triada,372,HT 142,https://sigla.phis.me/document/HT%20142/,Tablet,1,1,Haghia Triada,LM IB,,1.7,1.8,0.6
Haghia Triada,372,HT 144,https://sigla.phis.me/document/HT%20144/,Tablet,3,3,Haghia Triada,LM IB,,3.1,5.2,0.8
Haghia Triada,372,HT 146,https://sigla.phis.me/document/HT%20146/,Tablet,7,3,Haghia Triada,LM IB,,5,4.7,0.9
Haghia Triada,372,HT 147,https://sigla.phis.me/document/HT%20147/,Tablet,4,1,Haghia Triada,LM IB,,1.9,4,0.7
Haghia Triada,372,HT 15,https://sigla.phis.me/document/HT%2015/,Tablet,12,3,Haghia Triada,LM IB,,5.1,6.9,0.9
Haghia Triada,372,HT 154,https://sigla.phis.me/document/HT%20154/,Tablet,3,2,Haghia Triada,LM IB,,4.7,6.1,0.9
Haghia Triada,372,HT 154A,https://sigla.phis.me/document/HT%20154A/,Tablet,10,3,Haghia Triada,LM IB,,4.2,7.2,0.9
Haghia Triada,372,HT 154B,https://sigla.phis.me/document/HT%20154B/,Tablet,1,0,Haghia Triada,LM IB,,3.2,4.2,0.8
Haghia Triada,372,HT 154C,https://sigla.phis.me/document/HT%20154C/,Tablet,4,2,Haghia Triada,LM IB,,1.6,2,0.6
Haghia Triada,372,HT 154E,https://sigla.phis.me/document/HT%20154E/,Tablet,4,1,Haghia Triada,LM IB,,3.7,3.8,0.7
Haghia Triada,372,HT 154G,https://sigla.phis.me/document/HT%20154G/,Tablet,2,1,Haghia Triada,LM IB,,2.8,2.4,0.5
Haghia Triada,372,HT 154Ja,https://sigla.phis.me/document/HT%20154Ja/,Tablet,2,1,Haghia Triada,LM IB,,3.5,3.3,1
Haghia Triada,372,HT 154Jb,https://sigla.phis.me/document/HT%20154Jb/,Tablet,1,1,Haghia Triada,LM IB,,3.5,3.3,1
Haghia Triada,372,HT 154K,https://sigla.phis.me/document/HT%20154K/,Tablet,2,2,Haghia Triada,LM IB,,2.8,2.8,0.8
Haghia Triada,372,HT 154L,https://sigla.phis.me/document/HT%20154L/,Tablet,0,0,Haghia Triada,LM IB,,2.8,2.8,0.8
Haghia Triada,372,HT 154M,https://sigla.phis.me/document/HT%20154M/,Tablet,2,2,Haghia Triada,LM IB,,3.1,3.5,0.8
Haghia Triada,372,HT 154N,https://sigla.phis.me/document/HT%20154N/,Tablet,2,2,Haghia Triada,LM IB,,2.8,4,0.9
Haghia Triada,372,HT 16,https://sigla.phis.me/document/HT%2016/,Tablet,16,3,Haghia Triada,LM IB,,4.6,6.8,1
Haghia Triada,372,HT 17,https://sigla.phis.me/document/HT%2017/,Tablet,11,3,Haghia Triada,LM IB,,4.6,5.6,0.7
Haghia Triada,372,HT 18,https://sigla.phis.me/document/HT%2018/,Tablet,11,2,Haghia Triada,LM IB,,4,5.7,0.8
Haghia Triada,372,HT 19,https://sigla.phis.me/document/HT%2019/,Tablet,12,3,Haghia Triada,LM IB,,3.5,5.9,0.8
Haghia Triada,372,HT 2,https://sigla.phis.me/document/HT%202/,Tablet,12,2,Haghia Triada,LM IB,,4.8,6.9,0.9
Haghia Triada,372,HT 20,https://sigla.phis.me/document/HT%2020/,Tablet,22,4,Haghia Triada,LM IB,,3.9,6.2,0.8
Haghia Triada,372,HT 21,https://sigla.phis.me/document/HT%2021/,Tablet,15,1,Haghia Triada,LM IB,,4.5,6.7,0.9
Haghia Triada,372,HT 22,https://sigla.phis.me/document/HT%2022/,Tablet,3,0,Haghia Triada,LM IB,,3.4,3,0.6
Haghia Triada,372,HT 23a,https://sigla.phis.me/document/HT%2023a/,Tablet,30,4,Haghia Triada,LM IB,,5.6,6.9,0.8
Haghia Triada,372,HT 23b,https://sigla.phis.me/document/HT%2023b/,Tablet,12,4,Haghia Triada,LM IB,,5.6,6.9,0.8
Haghia Triada,372,HT 24a,https://sigla.phis.me/document/HT%2024a/,Tablet,20,3,Haghia Triada,LM IB,,5.9,7.9,0.9
Haghia Triada,372,HT 24b,https://sigla.phis.me/document/HT%2024b/,Tablet,9,0,Haghia Triada,LM IB,,5.9,7.9,0.9
Haghia Triada,372,HT 25a,https://sigla.phis.me/document/HT%2025a/,Tablet,28,9,Haghia Triada,LM IB,,7,6.3,1
Haghia Triada,372,HT 25b,https://sigla.phis.me/document/HT%2025b/,Tablet,12,5,Haghia Triada,LM IB,,7,6.3,1
Haghia Triada,372,HT 26a,https://sigla.phis.me/document/HT%2026a/,Tablet,13,4,Haghia Triada,LM IB,,4.5,5.2,0.9
Haghia Triada,372,HT 26b,https://sigla.phis.me/document/HT%2026b/,Tablet,15,5,Haghia Triada,LM IB,,4.5,5.2,0.9
Haghia Triada,372,HT 27a,https://sigla.phis.me/document/HT%2027a/,Tablet,31,8,Haghia Triada,LM IB,,6.7,9.3,1
Haghia Triada,372,HT 27b,https://sigla.phis.me/document/HT%2027b/,Tablet,18,3,Haghia Triada,LM IB,,6.7,9.3,1
Haghia Triada,372,HT 28a,https://sigla.phis.me/document/HT%2028a/,Tablet,31,5,Haghia Triada,LM IB,,5.9,8.5,0.9
Haghia Triada,372,HT 28b,https://sigla.phis.me/document/HT%2028b/,Tablet,28,6,Haghia Triada,LM IB,,5.9,8.5,0.9
Haghia Triada,372,HT 29,https://sigla.phis.me/document/HT%2029/,Tablet,31,7,Haghia Triada,LM IB,,5.7,9.5,0.8
Haghia Triada,372,HT 3,https://sigla.phis.me/document/HT%203/,Tablet,23,11,Haghia Triada,LM IB,,5.9,9.2,0.8
Haghia Triada,372,HT 30,https://sigla.phis.me/document/HT%2030/,Tablet,32,3,Haghia Triada,LM IB,,5.1,8.1,0.7
Haghia Triada,372,HT 31,https://sigla.phis.me/document/HT%2031/,Tablet,33,9,Haghia Triada,LM IB,,5.8,8.5,0.9
Haghia Triada,372,HT 32,https://sigla.phis.me/document/HT%2032/,Tablet,18,2,Haghia Triada,LM IB,,5.1,7.8,0.7
Haghia Triada,372,HT 33,https://sigla.phis.me/document/HT%2033/,Tablet,18,2,Haghia Triada,LM IB,,5.8,7.8,0.6
Haghia Triada,372,HT 34,https://sigla.phis.me/document/HT%2034/,Tablet,29,4,Haghia Triada,LM IB,,5,7.6,0.9
Haghia Triada,372,HT 35,https://sigla.phis.me/document/HT%2035/,Tablet,21,2,Haghia Triada,LM IB,,5.1,5.7,0.7
Haghia Triada,372,HT 36,https://sigla.phis.me/document/HT%2036/,Tablet,13,2,Haghia Triada,LM IB,,4.6,6.1,0.9
Haghia Triada,372,HT 37,https://sigla.phis.me/document/HT%2037/,Tablet,20,8,Haghia Triada,LM IB,,3.9,5.5,0.7
Haghia Triada,372,HT 38,https://sigla.phis.me/document/HT%2038/,Tablet,10,1,Haghia Triada,LM IB,,6.9,5.9,0.9
Haghia Triada,372,HT 39,https://sigla.phis.me/document/HT%2039/,Tablet,17,6,Haghia Triada,LM IB,,4.8,7,0.7
Haghia Triada,372,HT 4,https://sigla.phis.me/document/HT%204/,Tablet,16,4,Haghia Triada,LM IB,,4.7,3.6,0.9
Haghia Triada,372,HT 40,https://sigla.phis.me/document/HT%2040/,Tablet,12,4,Haghia Triada,LM IB,,4.8,4.4,0.8
Haghia Triada,372,HT 41a,https://sigla.phis.me/document/HT%2041a/,Tablet,13,3,Haghia Triada,LM IB,,5.1,3.3,0.8
Haghia Triada,372,HT 41b,https://sigla.phis.me/document/HT%2041b/,Tablet,1,1,Haghia Triada,LM IB,,5.1,3.3,0.8
Haghia Triada,372,HT 42+59,https://sigla.phis.me/document/HT%2042%2B59/,Tablet,20,5,Haghia Triada,LM IB,,6.2,4.8,5.3
Haghia Triada,372,HT 43,https://sigla.phis.me/document/HT%2043/,Tablet,7,2,Haghia Triada,LM IB,,4.5,3.3,0.9
Haghia Triada,372,HT 44a,https://sigla.phis.me/document/HT%2044a/,Tablet,12,1,Haghia Triada,LM IB,,4.2,8.2,1.1
Haghia Triada,372,HT 44b,https://sigla.phis.me/document/HT%2044b/,Tablet,4,1,Haghia Triada,LM IB,,4.2,8.2,1.1
Haghia Triada,372,HT 45a,https://sigla.phis.me/document/HT%2045a/,Tablet,6,1,Haghia Triada,LM IB,,6,5.1,0.8
Haghia Triada,372,HT 45b,https://sigla.phis.me/document/HT%2045b/,Tablet,19,2,Haghia Triada,LM IB,,6,5.1,0.8
Haghia Triada,372,HT 46a,https://sigla.phis.me/document/HT%2046a/,Tablet,6,3,Haghia Triada,LM IB,,4.1,4.2,0.8
Haghia Triada,372,HT 46b,https://sigla.phis.me/document/HT%2046b/,Tablet,2,0,Haghia Triada,LM IB,,4.1,4.2,0.8
Haghia Triada,372,HT 47a,https://sigla.phis.me/document/HT%2047a/,Tablet,16,8,Haghia Triada,LM IB,,5.8,8.5,1.3
Haghia Triada,372,HT 47b,https://sigla.phis.me/document/HT%2047b/,Tablet,3,1,Haghia Triada,LM IB,,5.8,8.5,1.3
Haghia Triada,372,HT 49a,https://sigla.phis.me/document/HT%2049a/,Tablet,32,12,Haghia Triada,LM IB,,5.5,9.2,0.7
Haghia Triada,372,HT 49b,https://sigla.phis.me/document/HT%2049b/,Tablet,7,7,Haghia Triada,LM IB,,5.5,9.2,0.7
Haghia Triada,372,HT 5,https://sigla.phis.me/document/HT%205/,Tablet,7,4,Haghia Triada,LM IB,,3.3,3.5,0.9
Haghia Triada,372,HT 50a,https://sigla.phis.me/document/HT%2050a/,Tablet,15,1,Haghia Triada,LM IB,,4.2,5,1
Haghia Triada,372,HT 50b,https://sigla.phis.me/document/HT%2050b/,Tablet,4,1,Haghia Triada,LM IB,,4.2,5,1
Haghia Triada,372,HT 51a,https://sigla.phis.me/document/HT%2051a/,Tablet,8,2,Haghia Triada,LM IB,,3.6,4.7,0.7
Haghia Triada,372,HT 51b,https://sigla.phis.me/document/HT%2051b/,Tablet,8,3,Haghia Triada,LM IB,,3.6,4.7,0.7
Haghia Triada,372,HT 52a,https://sigla.phis.me/document/HT%2052a/,Tablet,7,2,Haghia Triada,LM IB,,3.2,4.2,0.6
Haghia Triada,372,HT 52b,https://sigla.phis.me/document/HT%2052b/,Tablet,2,1,Haghia Triada,LM IB,,3.2,4.2,0.6
Haghia Triada,372,HT 53a,https://sigla.phis.me/document/HT%2053a/,Tablet,7,5,Haghia Triada,LM IB,,4.5,5.8,0.8
Haghia Triada,372,HT 53b,https://sigla.phis.me/document/HT%2053b/,Tablet,3,2,Haghia Triada,LM IB,,4.5,5.8,0.8
Haghia Triada,372,HT 54a,https://sigla.phis.me/document/HT%2054a/,Tablet,9,4,Haghia Triada,LM IB,,2.6,2.4,0.7
Haghia Triada,372,HT 54b,https://sigla.phis.me/document/HT%2054b/,Tablet,1,1,Haghia Triada,LM IB,,2.6,2.4,0.7
Haghia Triada,372,HT 55a,https://sigla.phis.me/document/HT%2055a/,Tablet,10,6,Haghia Triada,LM IB,,3.6,3,0.9
Haghia Triada,372,HT 55b,https://sigla.phis.me/document/HT%2055b/,Tablet,5,4,Haghia Triada,LM IB,,3.6,3,0.9
Haghia Triada,372,HT 56a,https://sigla.phis.me/document/HT%2056a/,Tablet,4,2,Haghia Triada,LM IB,,2.6,2.1,0.7
Haghia Triada,372,HT 56b,https://sigla.phis.me/document/HT%2056b/,Tablet,1,0,Haghia Triada,LM IB,,2.6,2.1,0.7
Haghia Triada,372,HT 57a,https://sigla.phis.me/document/HT%2057a/,Tablet,6,2,Haghia Triada,LM IB,,3,2.8,0.7
Haghia Triada,372,HT 57b,https://sigla.phis.me/document/HT%2057b/,Tablet,1,0,Haghia Triada,LM IB,,3,2.8,0.7
Haghia Triada,372,HT 58,https://sigla.phis.me/document/HT%2058/,Tablet,10,2,Haghia Triada,LM IB,,4,4.8,0.7
Haghia Triada,372,HT 60,https://sigla.phis.me/document/HT%2060/,Tablet,10,0,Haghia Triada,LM IB,,5,4.5,0.9
Haghia Triada,372,HT 61,https://sigla.phis.me/document/HT%2061/,Tablet,3,1,Haghia Triada,LM IB,,4.6,5.8,1.1
Haghia Triada,372,HT 62+73,https://sigla.phis.me/document/HT%2062%2B73/,Tablet,28,10,Haghia Triada,LM IB,,5.1,7,3.3
Haghia Triada,372,HT 63,https://sigla.phis.me/document/HT%2063/,Tablet,7,3,Haghia Triada,LM IB,,5.8,4.2,0.8
Haghia Triada,372,HT 64,https://sigla.phis.me/document/HT%2064/,Tablet,7,3,Haghia Triada,LM IB,,2.7,4.1,0.6
Haghia Triada,372,HT 65,https://sigla.phis.me/document/HT%2065/,Tablet,2,0,Haghia Triada,LM IB,,3.9,2.7,0.9
Haghia Triada,372,HT 66,https://sigla.phis.me/document/HT%2066/,Tablet,7,4,Haghia Triada,LM IB,,3,4.5,1
Haghia Triada,372,HT 68,https://sigla.phis.me/document/HT%2068/,Tablet,2,1,Haghia Triada,LM IB,,2.5,2.2,0.9
Haghia Triada,372,HT 69,https://sigla.phis.me/document/HT%2069/,Tablet,4,1,Haghia Triada,LM IB,,1.8,2.7,0.7
Haghia Triada,372,HT 6a,https://sigla.phis.me/document/HT%206a/,Tablet,33,9,Haghia Triada,LM IB,,5.8,9.1,0.9
Haghia Triada,372,HT 6b,https://sigla.phis.me/document/HT%206b/,Tablet,24,7,Haghia Triada,LM IB,,5.8,9.1,0.9
Haghia Triada,372,HT 70,https://sigla.phis.me/document/HT%2070/,Tablet,8,2,Haghia Triada,LM IB,,4.1,4.3,0.8
Haghia Triada,372,HT 72,https://sigla.phis.me/document/HT%2072/,Tablet,5,2,Haghia Triada,LM IB,,2,1.8,0.7
Haghia Triada,372,HT 74,https://sigla.phis.me/document/HT%2074/,Tablet,3,2,Haghia Triada,LM IB,,2.6,1.9,0.5
Haghia Triada,372,HT 75,https://sigla.phis.me/document/HT%2075/,Tablet,2,1,Haghia Triada,LM IB,,2.5,1.9,0.7
Haghia Triada,372,HT 78,https://sigla.phis.me/document/HT%2078/,Tablet,2,1,Haghia Triada,LM IB,,1.6,1.2,0.2
Haghia Triada,372,HT 79+83,https://sigla.phis.me/document/HT%2079%2B83/,Tablet,13,7,Haghia Triada,LM IB,,5.5,5.6,0.8
Haghia Triada,372,HT 7a,https://sigla.phis.me/document/HT%207a/,Tablet,15,6,Haghia Triada,LM IB,,4.8,7.6,1.3
Haghia Triada,372,HT 7b,https://sigla.phis.me/document/HT%207b/,Tablet,6,2,Haghia Triada,LM IB,,4.8,7.6,1.3
Haghia Triada,372,HT 80,https://sigla.phis.me/document/HT%2080/,Tablet,2,1,Haghia Triada,LM IB,,2.6,3,0.6
Haghia Triada,372,HT 81,https://sigla.phis.me/document/HT%2081/,Tablet,9,3,Haghia Triada,LM IB,,3.4,2,0.6
Haghia Triada,372,HT 82,https://sigla.phis.me/document/HT%2082/,Tablet,5,1,Haghia Triada,LM IB,,2.2,2,0.4
Haghia Triada,372,HT 84,https://sigla.phis.me/document/HT%2084/,Tablet,7,3,Haghia Triada,LM IB,,4.1,3.2,0.9
Haghia Triada,372,HT 85a,https://sigla.phis.me/document/HT%2085a/,Tablet,24,9,Haghia Triada,LM IB,,5.4,7.4,1.3
Haghia Triada,372,HT 85b,https://sigla.phis.me/document/HT%2085b/,Tablet,32,9,Haghia Triada,LM IB,,5.4,7.4,1.3
Haghia Triada,372,HT 86a,https://sigla.phis.me/document/HT%2086a/,Tablet,24,8,Haghia Triada,LM IB,,5.8,8.5,1
Haghia Triada,372,HT 86b,https://sigla.phis.me/document/HT%2086b/,Tablet,14,4,Haghia Triada,LM IB,,5.8,8.5,1
Haghia Triada,372,HT 87,https://sigla.phis.me/document/HT%2087/,Tablet,28,8,Haghia Triada,LM IB,,5.5,7.6,1
Haghia Triada,372,HT 88,https://sigla.phis.me/document/HT%2088/,Tablet,31,11,Haghia Triada,LM IB,,5.8,7,0.9
Haghia Triada,372,HT 89,https://sigla.phis.me/document/HT%2089/,Tablet,21,5,Haghia Triada,LM IB,,5.7,7.2,1.4
Haghia Triada,372,HT 8a,https://sigla.phis.me/document/HT%208a/,Tablet,27,6,Haghia Triada,LM IB,,5.3,7.4,1
Haghia Triada,372,HT 8b,https://sigla.phis.me/document/HT%208b/,Tablet,20,5,Haghia Triada,LM IB,,5.3,7.4,1
Haghia Triada,372,HT 90,https://sigla.phis.me/document/HT%2090/,Tablet,19,3,Haghia Triada,LM IB,,5,6.3,0.9
Haghia Triada,372,HT 91,https://sigla.phis.me/document/HT%2091/,Tablet,25,2,Haghia Triada,LM IB,,4.7,6.4,0.9
Haghia Triada,372,HT 92,https://sigla.phis.me/document/HT%2092/,Tablet,6,1,Haghia Triada,LM IB,,5.7,4.8,1.2
Haghia Triada,372,HT 93a,https://sigla.phis.me/document/HT%2093a/,Tablet,50,13,Haghia Triada,LM IB,,6.1,10.7,1
Haghia Triada,372,HT 93b,https://sigla.phis.me/document/HT%2093b/,Tablet,3,1,Haghia Triada,LM IB,,6.1,10.7,1
Haghia Triada,372,HT 94a,https://sigla.phis.me/document/HT%2094a/,Tablet,27,4,Haghia Triada,LM IB,,5.3,7.5,0.8
Haghia Triada,372,HT 94b,https://sigla.phis.me/document/HT%2094b/,Tablet,24,9,Haghia Triada,LM IB,,5.3,7.5,0.8
Haghia Triada,372,HT 95a,https://sigla.phis.me/document/HT%2095a/,Tablet,26,6,Haghia Triada,LM IB,,4.5,6.9,0.9
Haghia Triada,372,HT 95b,https://sigla.phis.me/document/HT%2095b/,Tablet,19,7,Haghia Triada,LM IB,,4.5,6.9,0.9
Haghia Triada,372,HT 96a,https://sigla.phis.me/document/HT%2096a/,Tablet,33,7,Haghia Triada,LM IB,,5.7,7.2,0.8
Haghia Triada,372,HT 96b,https://sigla.phis.me/document/HT%2096b/,Tablet,19,2,Haghia Triada,LM IB,,5.7,7.2,0.8
Haghia Triada,372,HT 97a,https://sigla.phis.me/document/HT%2097a/,Tablet,25,7,Haghia Triada,LM IB,,7.7,6.4,1.2
Haghia Triada,372,HT 97b,https://sigla.phis.me/document/HT%2097b/,Tablet,2,1,Haghia Triada,LM IB,,7.7,6.4,1.2
Haghia Triada,372,HT 98a,https://sigla.phis.me/document/HT%2098a/,Tablet,26,8,Haghia Triada,LM IB,,6.3,7,0.9
Haghia Triada,372,HT 98b,https://sigla.phis.me/document/HT%2098b/,Tablet,9,1,Haghia Triada,LM IB,,6.3,7,0.9
Haghia Triada,372,HT 99a,https://sigla.phis.me/document/HT%2099a/,Tablet,9,2,Haghia Triada,LM IB,,4.2,5.9,0.9
Haghia Triada,372,HT 99b,https://sigla.phis.me/document/HT%2099b/,Tablet,10,3,Haghia Triada,LM IB,,4.2,5.9,0.9
Haghia Triada,372,HT 9a,https://sigla.phis.me/document/HT%209a/,Tablet,30,8,Haghia Triada,LM IB,,4.3,7.3,0.8
Haghia Triada,372,HT 9b,https://sigla.phis.me/document/HT%209b/,Tablet,26,10,Haghia Triada,LM IB,,4.3,7.3,0.8
Haghia Triada,372,HT Wa <1021bis>,https://sigla.phis.me/document/HT%20Wa%20%3C1021bis%3E/,Nodule,1,0,Haghia Triada,LM IB,archer,,,
Haghia Triada,372,HT Wa 1001,https://sigla.phis.me/document/HT%20Wa%201001/,Nodule,2,1,Haghia Triada,LM IB,man in kilt and man in robe walking left,,,
Haghia Triada,372,HT Wa 1002,https://sigla.phis.me/document/HT%20Wa%201002/,Nodule,2,1,Haghia Triada,LM IB,man in kilt and man in robe walking left,,,
Haghia Triada,372,HT Wa 1003,https://sigla.phis.me/document/HT%20Wa%201003/,Nodule,2,1,Haghia Triada,LM IB,man in kilt and man in robe walking left,,,
Haghia Triada,372,HT Wa 1004,https://sigla.phis.me/document/HT%20Wa%201004/,Nodule,2,1,Haghia Triada,LM IB,man in kilt and man in robe walking left,,,
Haghia Triada,372,HT Wa 1005,https://sigla.phis.me/document/HT%20Wa%201005/,Nodule,2,1,Haghia Triada,LM IB,man in kilt and man in robe walking left,,,
Haghia Triada,372,HT Wa 1006,https://sigla.phis.me/document/HT%20Wa%201006/,Nodule,2,1,Haghia Triada,LM IB,man in kilt and man in robe walking left,,,
Haghia Triada,372,HT Wa 1007,https://sigla.phis.me/document/HT%20Wa%201007/,Nodule,2,1,Haghia Triada,LM IB,man in kilt and man in robe walking left,,,
Haghia Triada,372,HT Wa 1008,https://sigla.phis.me/document/HT%20Wa%201008/,Nodule,2,1,Haghia Triada,LM IB,man in kilt and man in robe walking left,,,
Haghia Triada,372,HT Wa 1009,https://sigla.phis.me/document/HT%20Wa%201009/,Nodule,2,1,Haghia Triada,LM IB,man in kilt and man in robe walking left,,,
Haghia Triada,372,HT Wa 1010,https://sigla.phis.me/document/HT%20Wa%201010/,Nodule,2,1,Haghia Triada,LM IB,man in kilt and man in robe walking left,,,
Haghia Triada,372,HT Wa 1011,https://sigla.phis.me/document/HT%20Wa%201011/,Nodule,2,1,Haghia Triada,LM IB,man in kilt and man in robe walking left,,,
Haghia Triada,372,HT Wa 1012,https://sigla.phis.me/document/HT%20Wa%201012/,Nodule,2,1,Haghia Triada,LM IB,man in kilt and man in robe walking left,,,
Haghia Triada,372,HT Wa 1013,https://sigla.phis.me/document/HT%20Wa%201013/,Nodule,2,1,Haghia Triada,LM IB,two women salute right,,,
Haghia Triada,372,HT Wa 1014,https://sigla.phis.me/document/HT%20Wa%201014/,Nodule,2,1,Haghia Triada,LM IB,man in kilt and man in robe walking left,,,
Haghia Triada,372,HT Wa 1015,https://sigla.phis.me/document/HT%20Wa%201015/,Nodule,2,1,Haghia Triada,LM IB,man in kilt and man in robe walking left,,,
Haghia Triada,372,HT Wa 1016,https://sigla.phis.me/document/HT%20Wa%201016/,Nodule,2,1,Haghia Triada,LM IB,man in kilt and man in robe walking left,,,
Haghia Triada,372,HT Wa 1017,https://sigla.phis.me/document/HT%20Wa%201017/,Nodule,2,1,Haghia Triada,LM IB,man in kilt and man in robe walking left,,,
Haghia Triada,372,HT Wa 1018,https://sigla.phis.me/document/HT%20Wa%201018/,Nodule,2,1,Haghia Triada,LM IB,man in kilt and man in robe walking left,,,
Haghia Triada,372,HT Wa 1019α,https://sigla.phis.me/document/HT%20Wa%201019%CE%B1/,Nodule,3,1,Haghia Triada,LM IB,waterbirds,,,
Haghia Triada,372,HT Wa 1019γ,https://sigla.phis.me/document/HT%20Wa%201019%CE%B3/,Nodule,2,1,Haghia Triada,LM IB,waterbirds,,,
Haghia Triada,372,HT Wa 1020α,https://sigla.phis.me/document/HT%20Wa%201020%CE%B1/,Nodule,3,2,Haghia Triada,LM IB,dog,,,
Haghia Triada,372,HT Wa 1020β,https://sigla.phis.me/document/HT%20Wa%201020%CE%B2/,Nodule,1,0,Haghia Triada,LM IB,dog,,,
Haghia Triada,372,HT Wa 1020γ,https://sigla.phis.me/document/HT%20Wa%201020%CE%B3/,Nodule,3,1,Haghia Triada,LM IB,dog,,,
Haghia Triada,372,HT Wa 1021α,https://sigla.phis.me/document/HT%20Wa%201021%CE%B1/,Nodule,2,1,Haghia Triada,LM IB,,,,
Haghia Triada,372,HT Wa 1021β,https://sigla.phis.me/document/HT%20Wa%201021%CE%B2/,Nodule,2,0,Haghia Triada,LM IB,,,,
Haghia Triada,372,HT Wa 1021γ,https://sigla.phis.me/document/HT%20Wa%201021%CE%B3/,Nodule,2,0,Haghia Triada,LM IB,,,,
Haghia Triada,372,HT Wa 1022,https://sigla.phis.me/document/HT%20Wa%201022/,Nodule,1,0,Haghia Triada,LM IB,man in kilt and man in robe walking left,,,
Haghia Triada,372,HT Wa 1024,https://sigla.phis.me/document/HT%20Wa%201024/,Nodule,1,0,Haghia Triada,LM IB,flying bird,,,
Haghia Triada,372,HT Wa 1025α,https://sigla.phis.me/document/HT%20Wa%201025%CE%B1/,Nodule,1,0,Haghia Triada,LM IB,flying bird,,,
Haghia Triada,372,HT Wa 1025γ,https://sigla.phis.me/document/HT%20Wa%201025%CE%B3/,Nodule,1,0,Haghia Triada,LM IB,flying bird,,,
Haghia Triada,372,HT Wa 1028α,https://sigla.phis.me/document/HT%20Wa%201028%CE%B1/,Nodule,1,1,Haghia Triada,LM IB,bird-woman,,,
Haghia Triada,372,HT Wa 1028γ,https://sigla.phis.me/document/HT%20Wa%201028%CE%B3/,Nodule,1,1,Haghia Triada,LM IB,bird-woman,,,
Haghia Triada,372,HT Wa 1029α,https://sigla.phis.me/document/HT%20Wa%201029%CE%B1/,Nodule,1,1,Haghia Triada,LM IB,lion running,,,
Haghia Triada,372,HT Wa 1029γ,https://sigla.phis.me/document/HT%20Wa%201029%CE%B3/,Nodule,1,1,Haghia Triada,LM IB,lion running,,,
Haghia Triada,372,HT Wa 1031,https://sigla.phis.me/document/HT%20Wa%201031/,Nodule,1,0,Haghia Triada,LM IB,,,,
Haghia Triada,372,HT Wa 1032,https://sigla.phis.me/document/HT%20Wa%201032/,Nodule,1,0,Haghia Triada,LM IB,man in kilt and man in robe walking left,,,
Haghia Triada,372,HT Wa 1128,https://sigla.phis.me/document/HT%20Wa%201128/,Nodule,1,0,Haghia Triada,LM IB,stags in flying gallop,,,
Haghia Triada,372,HT Wa 1147,https://sigla.phis.me/document/HT%20Wa%201147/,Nodule,1,0,Haghia Triada,LM IB,talismanic fly,,,
Haghia Triada,372,HT Wa 1148,https://sigla.phis.me/document/HT%20Wa%201148/,Nodule,1,0,Haghia Triada,LM IB,bull,,,
Haghia Triada,372,HT Wa 1150,https://sigla.phis.me/document/HT%20Wa%201150/,Nodule,1,0,Haghia Triada,LM IB,man in kilt and man in robe walking left,,,
Haghia Triada,372,HT Wa 1170,https://sigla.phis.me/document/HT%20Wa%201170/,Nodule,1,0,Haghia Triada,LM IB,bird-woman,,,
Haghia Triada,372,HT Wa 1172,https://sigla.phis.me/document/HT%20Wa%201172/,Nodule,0,0,Haghia Triada,LM IB,bird-woman,,,
Haghia Triada,372,HT Wa 1176,https://sigla.phis.me/document/HT%20Wa%201176/,Nodule,1,0,Haghia Triada,LM IB,man in kilt and man in robe walking left,,,
Haghia Triada,372,HT Wa 1199,https://sigla.phis.me/document/HT%20Wa%201199/,Nodule,1,0,Haghia Triada,LM IB,man in kilt and man in robe walking left,,,
Haghia Triada,372,HT Wa 1205,https://sigla.phis.me/document/HT%20Wa%201205/,Nodule,1,0,Haghia Triada,LM IB,man in kilt and man in robe walking left,,,
Haghia Triada,372,HT Wa 1206,https://sigla.phis.me/document/HT%20Wa%201206/,Nodule,1,0,Haghia Triada,LM IB,man in kilt and man in robe walking left,,,
Haghia Triada,372,HT Wa 1236,https://sigla.phis.me/document/HT%20Wa%201236/,Nodule,1,0,Haghia Triada,LM IB,,,,
Haghia Triada,372,HT Wa 1242,https://sigla.phis.me/document/HT%20Wa%201242/,Nodule,1,1,Haghia Triada,LM IB,two stags in flying gallop,,,
Haghia Triada,372,HT Wa 1244,https://sigla.phis.me/document/HT%20Wa%201244/,Nodule,1,0,Haghia Triada,LM IB,two stags in flying gallop,,,
Haghia Triada,372,HT Wa 1252,https://sigla.phis.me/document/HT%20Wa%201252/,Nodule,1,0,Haghia Triada,LM IB,bird-woman,,,
Haghia Triada,372,HT Wa 1255,https://sigla.phis.me/document/HT%20Wa%201255/,Nodule,1,0,Haghia Triada,LM IB,two women saluting,,,
Haghia Triada,372,HT Wa 1256,https://sigla.phis.me/document/HT%20Wa%201256/,Nodule,1,0,Haghia Triada,LM IB,two women saluting,,,
Haghia Triada,372,HT Wa 1268,https://sigla.phis.me/document/HT%20Wa%201268/,Nodule,1,0,Haghia Triada,LM IB,man in kilt and man in robe walking left,,,
Haghia Triada,372,HT Wa 1278,https://sigla.phis.me/document/HT%20Wa%201278/,Nodule,1,0,Haghia Triada,LM IB,lion,,,
Haghia Triada,372,HT Wa 1279,https://sigla.phis.me/document/HT%20Wa%201279/,Nodule,1,0,Haghia Triada,LM IB,lion,,,
Haghia Triada,372,HT Wa 1280,https://sigla.phis.me/document/HT%20Wa%201280/,Nodule,1,0,Haghia Triada,LM IB,lion,,,
Haghia Triada,372,HT Wa 1281,https://sigla.phis.me/document/HT%20Wa%201281/,Nodule,1,0,Haghia Triada,LM IB,lion,,,
Haghia Triada,372,HT Wa 1282,https://sigla.phis.me/document/HT%20Wa%201282/,Nodule,1,0,Haghia Triada,LM IB,bird flying right,,,
Haghia Triada,372,HT Wa 1283,https://sigla.phis.me/document/HT%20Wa%201283/,Nodule,1,0,Haghia Triada,LM IB,bird flying right,,,
Haghia Triada,372,HT Wa 1287,https://sigla.phis.me/document/HT%20Wa%201287/,Nodule,1,0,Haghia Triada,LM IB,bird flying right,,,
Haghia Triada,372,HT Wa 1292,https://sigla.phis.me/document/HT%20Wa%201292/,Nodule,1,0,Haghia Triada,LM IB,bird flying right,,,
Haghia Triada,372,HT Wa 1293,https://sigla.phis.me/document/HT%20Wa%201293/,Nodule,1,0,Haghia Triada,LM IB,bird flying right,,,
Haghia Triada,372,HT Wa 1294,https://sigla.phis.me/document/HT%20Wa%201294/,Nodule,1,0,Haghia Triada,LM IB,man in kilt and man in robe walking left,,,
Haghia Triada,372,HT Wa 1295,https://sigla.phis.me/document/HT%20Wa%201295/,Nodule,1,0,Haghia Triada,LM IB,man in kilt and man in robe walking left,,,
Haghia Triada,372,HT Wa 1298,https://sigla.phis.me/document/HT%20Wa%201298/,Nodule,1,0,Haghia Triada,LM IB,man in kilt and man in robe walking left,,,
Haghia Triada,372,HT Wa 1303,https://sigla.phis.me/document/HT%20Wa%201303/,Nodule,1,0,Haghia Triada,LM IB,cut-style griffin,,,
Haghia Triada,372,HT Wa 1305,https://sigla.phis.me/document/HT%20Wa%201305/,Nodule,1,0,Haghia Triada,LM IB,bird-woman,,,
Haghia Triada,372,HT Wa 1307,https://sigla.phis.me/document/HT%20Wa%201307/,Nodule,1,0,Haghia Triada,LM IB,lion running left,,,
Haghia Triada,372,HT Wa 1308,https://sigla.phis.me/document/HT%20Wa%201308/,Nodule,1,0,Haghia Triada,LM IB,lion running left,,,
Haghia Triada,372,HT Wa 1317,https://sigla.phis.me/document/HT%20Wa%201317/,Nodule,1,0,Haghia Triada,LM IB,cut-style caprid and spear,,,
Haghia Triada,372,HT Wa 1319,https://sigla.phis.me/document/HT%20Wa%201319/,Nodule,1,0,Haghia Triada,LM IB,stag running left,,,
Haghia Triada,372,HT Wa 1323,https://sigla.phis.me/document/HT%20Wa%201323/,Nodule,1,0,Haghia Triada,LM IB,man in kilt and man in robe walking left,,,
Haghia Triada,372,HT Wa 1324,https://sigla.phis.me/document/HT%20Wa%201324/,Nodule,1,0,Haghia Triada,LM IB,man in kilt and man in robe walking left,,,
Haghia Triada,372,HT Wa 1451,https://sigla.phis.me/document/HT%20Wa%201451/,Nodule,1,0,Haghia Triada,LM IB,lion running left,,,
Haghia Triada,372,HT Wa 1471,https://sigla.phis.me/document/HT%20Wa%201471/,Nodule,1,0,Haghia Triada,LM IB,man in kilt and man in robe walking left,,,
Haghia Triada,372,HT Wa 1472,https://sigla.phis.me/document/HT%20Wa%201472/,Nodule,1,0,Haghia Triada,LM IB,man in kilt and man in robe walking left,,,
Haghia Triada,372,HT Wa 1473,https://sigla.phis.me/document/HT%20Wa%201473/,Nodule,1,0,Haghia Triada,LM IB,man in kilt and man in robe walking left,,,
Haghia Triada,372,HT Wa 1474,https://sigla.phis.me/document/HT%20Wa%201474/,Nodule,1,0,Haghia Triada,LM IB,man in kilt and man in robe walking left,,,
Haghia Triada,372,HT Wa 1481,https://sigla.phis.me/document/HT%20Wa%201481/,Nodule,1,0,Haghia Triada,LM IB,man in kilt and man in robe walking left,,,
Haghia Triada,372,HT Wa 1490,https://sigla.phis.me/document/HT%20Wa%201490/,Nodule,1,0,Haghia Triada,LM IB,man in kilt and man in robe walking left,,,
Haghia Triada,372,HT Wa 1508,https://sigla.phis.me/document/HT%20Wa%201508/,Nodule,1,0,Haghia Triada,LM IB,man in kilt and man in robe walking left,,,
Haghia Triada,372,HT Wa 1512,https://sigla.phis.me/document/HT%20Wa%201512/,Nodule,1,0,Haghia Triada,LM IB,two griffins,,,
Haghia Triada,372,HT Wa 1518,https://sigla.phis.me/document/HT%20Wa%201518/,Nodule,1,0,Haghia Triada,LM IB,two griffins,,,
Haghia Triada,372,HT Wa 1530,https://sigla.phis.me/document/HT%20Wa%201530/,Nodule,1,0,Haghia Triada,LM IB,two griffins,,,
Haghia Triada,372,HT Wa 1531,https://sigla.phis.me/document/HT%20Wa%201531/,Nodule,1,0,Haghia Triada,LM IB,two griffins,,,
Haghia Triada,372,HT Wa 1533,https://sigla.phis.me/document/HT%20Wa%201533/,Nodule,1,0,Haghia Triada,LM IB,two griffins,,,
Haghia Triada,372,HT Wa 1538,https://sigla.phis.me/document/HT%20Wa%201538/,Nodule,1,0,Haghia Triada,LM IB,two griffins,,,
Haghia Triada,372,HT Wa 1544,https://sigla.phis.me/document/HT%20Wa%201544/,Nodule,1,0,Haghia Triada,LM IB,two stags in flying gallop,,,
Haghia Triada,372,HT Wa 1547,https://sigla.phis.me/document/HT%20Wa%201547/,Nodule,1,0,Haghia Triada,LM IB,two men wearing figure-of-8 shields,,,
Haghia Triada,372,HT Wa 1550,https://sigla.phis.me/document/HT%20Wa%201550/,Nodule,1,0,Haghia Triada,LM IB,two men wearing figure-of-8 shields,,,
Haghia Triada,372,HT Wa 1559,https://sigla.phis.me/document/HT%20Wa%201559/,Nodule,1,0,Haghia Triada,LM IB,waterbird,,,
Haghia Triada,372,HT Wa 1561,https://sigla.phis.me/document/HT%20Wa%201561/,Nodule,1,0,Haghia Triada,LM IB,waterbird,,,
Haghia Triada,372,HT Wa 1562,https://sigla.phis.me/document/HT%20Wa%201562/,Nodule,1,0,Haghia Triada,LM IB,waterbird,,,
Haghia Triada,372,HT Wa 1579,https://sigla.phis.me/document/HT%20Wa%201579/,Nodule,1,0,Haghia Triada,LM IB,waterbird,,,
Haghia Triada,372,HT Wa 1584,https://sigla.phis.me/document/HT%20Wa%201584/,Nodule,1,0,Haghia Triada,LM IB,waterbird,,,
Haghia Triada,372,HT Wa 1587,https://sigla.phis.me/document/HT%20Wa%201587/,Nodule,1,0,Haghia Triada,LM IB,waterbird,,,
Haghia Triada,372,HT Wa 1590,https://sigla.phis.me/document/HT%20Wa%201590/,Nodule,1,0,Haghia Triada,LM IB,waterbird,,,
Haghia Triada,372,HT Wa 1592,https://sigla.phis.me/document/HT%20Wa%201592/,Nodule,1,0,Haghia Triada,LM IB,waterbird,,,
Haghia Triada,372,HT Wa 1598,https://sigla.phis.me/document/HT%20Wa%201598/,Nodule,1,0,Haghia Triada,LM IB,bird-woman,,,
Haghia Triada,372,HT Wa 1600,https://sigla.phis.me/document/HT%20Wa%201600/,Nodule,1,0,Haghia Triada,LM IB,bird-woman,,,
Haghia Triada,372,HT Wa 1603,https://sigla.phis.me/document/HT%20Wa%201603/,Nodule,1,0,Haghia Triada,LM IB,bird-woman,,,
Haghia Triada,372,HT Wa 1608,https://sigla.phis.me/document/HT%20Wa%201608/,Nodule,1,0,Haghia Triada,LM IB,two antithetic waterbirds,,,
Haghia Triada,372,HT Wa 1610,https://sigla.phis.me/document/HT%20Wa%201610/,Nodule,1,0,Haghia Triada,LM IB,animal heads,,,
Haghia Triada,372,HT Wa 1612,https://sigla.phis.me/document/HT%20Wa%201612/,Nodule,1,0,Haghia Triada,LM IB,man in kilt and man in robe walking left,,,
Haghia Triada,372,HT Wa 1613,https://sigla.phis.me/document/HT%20Wa%201613/,Nodule,1,0,Haghia Triada,LM IB,bull looking left,,,
Haghia Triada,372,HT Wa 1614,https://sigla.phis.me/document/HT%20Wa%201614/,Nodule,1,0,Haghia Triada,LM IB,waterbird,,,
Haghia Triada,372,HT Wa 1623,https://sigla.phis.me/document/HT%20Wa%201623/,Nodule,1,0,Haghia Triada,LM IB,lioness looking left,,,
Haghia Triada,372,HT Wa 1624,https://sigla.phis.me/document/HT%20Wa%201624/,Nodule,1,0,Haghia Triada,LM IB,bird flying right,,,
Haghia Triada,372,HT Wa 1625,https://sigla.phis.me/document/HT%20Wa%201625/,Nodule,1,0,Haghia Triada,LM IB,bird flying right,,,
Haghia Triada,372,HT Wa 1631,https://sigla.phis.me/document/HT%20Wa%201631/,Nodule,1,0,Haghia Triada,LM IB,bird flying right,,,
Haghia Triada,372,HT Wa 1639,https://sigla.phis.me/document/HT%20Wa%201639/,Nodule,1,0,Haghia Triada,LM IB,bird flying right,,,
Haghia Triada,372,HT Wa 1654,https://sigla.phis.me/document/HT%20Wa%201654/,Nodule,1,0,Haghia Triada,LM IB,bird flying right,,,
Haghia Triada,372,HT Wa 1658,https://sigla.phis.me/document/HT%20Wa%201658/,Nodule,1,0,Haghia Triada,LM IB,bird flying right,,,
Haghia Triada,372,HT Wa 1659,https://sigla.phis.me/document/HT%20Wa%201659/,Nodule,1,0,Haghia Triada,LM IB,bird flying right,,,
Haghia Triada,372,HT Wa 1669,https://sigla.phis.me/document/HT%20Wa%201669/,Nodule,1,0,Haghia Triada,LM IB,bird flying right,,,
Haghia Triada,372,HT Wa 1710,https://sigla.phis.me/document/HT%20Wa%201710/,Nodule,1,0,Haghia Triada,LM IB,bird flying right,,,
Haghia Triada,372,HT Wa 1720,https://sigla.phis.me/document/HT%20Wa%201720/,Nodule,1,0,Haghia Triada,LM IB,bird flying right,,,
Haghia Triada,372,HT Wa 1723,https://sigla.phis.me/document/HT%20Wa%201723/,Nodule,1,0,Haghia Triada,LM IB,bird flying right,,,
Haghia Triada,372,HT Wa 1725,https://sigla.phis.me/document/HT%20Wa%201725/,Nodule,1,0,Haghia Triada,LM IB,bird flying right,,,
Haghia Triada,372,HT Wa 1734,https://sigla.phis.me/document/HT%20Wa%201734/,Nodule,1,0,Haghia Triada,LM IB,bird flying right,,,
Haghia Triada,372,HT Wa 1747,https://sigla.phis.me/document/HT%20Wa%201747/,Nodule,1,0,Haghia Triada,LM IB,man in kilt and man in robe walking left,,,
Haghia Triada,372,HT Wa 1751,https://sigla.phis.me/document/HT%20Wa%201751/,Nodule,1,0,Haghia Triada,LM IB,man in kilt and man in robe walking left,,,
Haghia Triada,372,HT Wa 1753,https://sigla.phis.me/document/HT%20Wa%201753/,Nodule,1,0,Haghia Triada,LM IB,man in kilt and man in robe walking left,,,
Haghia Triada,372,HT Wa 1754,https://sigla.phis.me/document/HT%20Wa%201754/,Nodule,1,0,Haghia Triada,LM IB,man in kilt and man in robe walking left,,,
Haghia Triada,372,HT Wa 1758,https://sigla.phis.me/document/HT%20Wa%201758/,Nodule,1,0,Haghia Triada,LM IB,two griffins,,,
Haghia Triada,372,HT Wa 1764,https://sigla.phis.me/document/HT%20Wa%201764/,Nodule,1,0,Haghia Triada,LM IB,cut-style griffin,,,
Haghia Triada,372,HT Wa 1766,https://sigla.phis.me/document/HT%20Wa%201766/,Nodule,1,0,Haghia Triada,LM IB,cut-style griffin,,,
Haghia Triada,372,HT Wa 1793,https://sigla.phis.me/document/HT%20Wa%201793/,Nodule,1,0,Haghia Triada,LM IB,lion running left,,,
Haghia Triada,372,HT Wa 1805,https://sigla.phis.me/document/HT%20Wa%201805/,Nodule,1,0,Haghia Triada,LM IB,talismanic fish,,,
Haghia Triada,372,HT Wa 1809,https://sigla.phis.me/document/HT%20Wa%201809/,Nodule,1,0,Haghia Triada,LM IB,talismanic fish,,,
Haghia Triada,372,HT Wa 1813,https://sigla.phis.me/document/HT%20Wa%201813/,Nodule,1,0,Haghia Triada,LM IB,talismanic fish,,,
Haghia Triada,372,HT Wa 1816,https://sigla.phis.me/document/HT%20Wa%201816/,Nodule,1,0,Haghia Triada,LM IB,talismanic fish,,,
Haghia Triada,372,HT Wa 1849,https://sigla.phis.me/document/HT%20Wa%201849/,Nodule,1,0,Haghia Triada,LM IB,bird flying right,,,
Haghia Triada,372,HT Wa 1850,https://sigla.phis.me/document/HT%20Wa%201850/,Nodule,1,0,Haghia Triada,LM IB,bird-woman,,,
Haghia Triada,372,HT Wa 1851,https://sigla.phis.me/document/HT%20Wa%201851/,Nodule,1,0,Haghia Triada,LM IB,bull walking left,,,
Haghia Triada,372,HT Wa 1852,https://sigla.phis.me/document/HT%20Wa%201852/,Nodule,1,0,Haghia Triada,LM IB,dog scratching,,,
Haghia Triada,372,HT Wa 1853,https://sigla.phis.me/document/HT%20Wa%201853/,Nodule,1,0,Haghia Triada,LM IB,bird-woman sitting on bench,,,
Haghia Triada,372,HT Wa 1854,https://sigla.phis.me/document/HT%20Wa%201854/,Nodule,1,0,Haghia Triada,LM IB,woman standing,,,
Haghia Triada,372,HT Wc 3001-latus,https://sigla.phis.me/document/HT%20Wc%203001-latus/,Roundel,1,0,Haghia Triada,LM IB,talismanic fly,2,0.8,2
Haghia Triada,372,HT Wc 3001,https://sigla.phis.me/document/HT%20Wc%203001/,Roundel,3,1,Haghia Triada,LM IB,talismanic fly,2,2.2,0.8
Haghia Triada,372,HT Wc 3002,https://sigla.phis.me/document/HT%20Wc%203002/,Roundel,3,1,Haghia Triada,LM IB,talismanic fly,1.9,1.8,1.1
Haghia Triada,372,HT Wc 3003,https://sigla.phis.me/document/HT%20Wc%203003/,Roundel,3,1,Haghia Triada,LM IB,talismanic fly,2.3,2.4,0.9
Haghia Triada,372,HT Wc 3004a,https://sigla.phis.me/document/HT%20Wc%203004a/,Roundel,3,1,Haghia Triada,LM IB,talismanic fly,2.7,2.2,0.9
Haghia Triada,372,HT Wc 3004b,https://sigla.phis.me/document/HT%20Wc%203004b/,Roundel,1,0,Haghia Triada,LM IB,talismanic fly,2.7,2.2,0.9
Haghia Triada,372,HT Wc 3005a,https://sigla.phis.me/document/HT%20Wc%203005a/,Roundel,3,1,Haghia Triada,LM IB,talismanic fly,2.3,2.2,0.9
Haghia Triada,372,HT Wc 3005b,https://sigla.phis.me/document/HT%20Wc%203005b/,Roundel,1,0,Haghia Triada,LM IB,talismanic fly,2.3,2.2,0.9
Haghia Triada,372,HT Wc 3006a,https://sigla.phis.me/document/HT%20Wc%203006a/,Roundel,3,1,Haghia Triada,LM IB,talismanic fly,2.6,2.6,0.9
Haghia Triada,372,HT Wc 3006b,https://sigla.phis.me/document/HT%20Wc%203006b/,Roundel,3,1,Haghia Triada,LM IB,talismanic fly,2.6,2.6,0.9
Haghia Triada,372,HT Wc 3007,https://sigla.phis.me/document/HT%20Wc%203007/,Roundel,3,1,Haghia Triada,LM IB,talismanic fly,2.3,2.3,0.7
Haghia Triada,372,HT Wc 3008a,https://sigla.phis.me/document/HT%20Wc%203008a/,Roundel,3,1,Haghia Triada,LM IB,talismanic fly,3,3.2,0.9
Haghia Triada,372,HT Wc 3008b,https://sigla.phis.me/document/HT%20Wc%203008b/,Roundel,4,1,Haghia Triada,LM IB,talismanic fly,3,3.2,0.9
Haghia Triada,372,HT Wc 3009a,https://sigla.phis.me/document/HT%20Wc%203009a/,Roundel,4,1,Haghia Triada,LM IB,talismanic fly,2.5,2.5,0.9
Haghia Triada,372,HT Wc 3009b,https://sigla.phis.me/document/HT%20Wc%203009b/,Roundel,1,0,Haghia Triada,LM IB,talismanic fly,2.5,2.5,0.9
Haghia Triada,372,HT Wc 3010,https://sigla.phis.me/document/HT%20Wc%203010/,Roundel,5,1,Haghia Triada,LM IB,talismanic fly,2.5,2.5,1.1
Haghia Triada,372,HT Wc 3011,https://sigla.phis.me/document/HT%20Wc%203011/,Roundel,3,1,Haghia Triada,LM IB,talismanic fly,2.2,2.4,1.1
Haghia Triada,372,HT Wc 3012a,https://sigla.phis.me/document/HT%20Wc%203012a/,Roundel,3,1,Haghia Triada,LM IB,talismanic fly,2.4,2.7,0.7
Haghia Triada,372,HT Wc 3012b,https://sigla.phis.me/document/HT%20Wc%203012b/,Roundel,2,1,Haghia Triada,LM IB,talismanic fly,2.4,2.7,0.7
Haghia Triada,372,HT Wc 3013,https://sigla.phis.me/document/HT%20Wc%203013/,Roundel,1,0,Haghia Triada,LM IB,quadruped right,3,2.9,0.8
Haghia Triada,372,HT Wc 3014a,https://sigla.phis.me/document/HT%20Wc%203014a/,Tablet,3,1,Haghia Triada,LM IB,two dogs playing,2.7,2.8,0.9
Haghia Triada,372,HT Wc 3014b,https://sigla.phis.me/document/HT%20Wc%203014b/,Tablet,2,1,Haghia Triada,LM IB,two dogs playing,2.7,2.8,0.9
Haghia Triada,372,HT Wc 3015a,https://sigla.phis.me/document/HT%20Wc%203015a/,Tablet,3,1,Haghia Triada,LM IB,men walking left,2.2,2.2,0.6
Haghia Triada,372,HT Wc 3015b,https://sigla.phis.me/document/HT%20Wc%203015b/,Tablet,1,0,Haghia Triada,LM IB,men walking left,2.2,2.2,0.6
Haghia Triada,372,HT Wc 3016a,https://sigla.phis.me/document/HT%20Wc%203016a/,Tablet,3,1,Haghia Triada,LM IB,archer,2.6,2.5,0.9
Haghia Triada,372,HT Wc 3016b,https://sigla.phis.me/document/HT%20Wc%203016b/,Tablet,2,0,Haghia Triada,LM IB,archer,2.6,2.5,0.9
Haghia Triada,372,HT Wc 3017a,https://sigla.phis.me/document/HT%20Wc%203017a/,Roundel,5,1,Haghia Triada,LM IB,archer,2.5,2.3,0.9
Haghia Triada,372,HT Wc 3017b,https://sigla.phis.me/document/HT%20Wc%203017b/,Roundel,1,0,Haghia Triada,LM IB,archer,2.5,2.3,0.9
Haghia Triada,372,HT Wc 3019-latus,https://sigla.phis.me/document/HT%20Wc%203019-latus/,Roundel,1,0,Haghia Triada,LM IB,woman riding dragon,1.1,3.4,0
Haghia Triada,372,HT Wc 3019,https://sigla.phis.me/document/HT%20Wc%203019/,Roundel,1,0,Haghia Triada,LM IB,woman riding dragon,2.3,3.4,1.1
Haghia Triada,372,HT Wc 3020a,https://sigla.phis.me/document/HT%20Wc%203020a/,Roundel,2,1,Haghia Triada,LM IB,alerion,1.3,1.8,1
Haghia Triada,372,HT Wc 3020b,https://sigla.phis.me/document/HT%20Wc%203020b/,Roundel,1,0,Haghia Triada,LM IB,alerion,1.9,1.8,1
Haghia Triada,372,HT Wc 3022,https://sigla.phis.me/document/HT%20Wc%203022/,Roundel,1,0,Haghia Triada,LM IB,stags in flying gallop,2.3,1.8,0.8
Haghia Triada,372,HT Zb 158a,https://sigla.phis.me/document/HT%20Zb%20158a/,Pithos,5,1,Haghia Triada,LM IB,,,,
Haghia Triada,372,HT Zb 158b,https://sigla.phis.me/document/HT%20Zb%20158b/,Pithos,6,1,Haghia Triada,LM IB,,,,
Haghia Triada,372,HT Zb 159,https://sigla.phis.me/document/HT%20Zb%20159/,Pithos,6,1,Haghia Triada,LM IB,,,,
Haghia Triada,372,HT Zb 160,https://sigla.phis.me/document/HT%20Zb%20160/,Pithos,6,2,Haghia Triada,LM IB,,,,
Haghia Triada,372,HT Zb 161,https://sigla.phis.me/document/HT%20Zb%20161/,Sherd,2,1,Haghia Triada,LM IB,,,,
Haghia Triada,372,HT Zd 155,https://sigla.phis.me/document/HT%20Zd%20155/,Graffiti,8,2,Haghia Triada,LM IB,,,,
Haghia Triada,372,HT Zd 156,https://sigla.phis.me/document/HT%20Zd%20156/,Graffiti,11,1,Haghia Triada,LM IB,,,,
Haghia Triada,372,HT Zd 157,https://sigla.phis.me/document/HT%20Zd%20157/,Graffiti,7,2,Haghia Triada,LM IB,,,,
Haghios Stephanos,1,HS Zg 1,https://sigla.phis.me/document/HS%20Zg%201/,Plaque,2,1,Haghios Stephanos,MH III-LH I,,2,4,0
Kea,5,`KE Wc 2a,https://sigla.phis.me/document/%60KE%20Wc%202a/,Roundel,1,0,Kea,MM III,null,2.8,2.9,1.6
Kea,5,`KE Wc 2b,https://sigla.phis.me/document/%60KE%20Wc%202b/,Roundel,2,0,Kea,MM III,null,2.8,2.9,1.6
Kea,5,KE 1,https://sigla.phis.me/document/KE%201/,Tablet,3,2,Kea,,,3.1,1.9,1.9
Kea,5,KE Zb 4,https://sigla.phis.me/document/KE%20Zb%204/,Lamp,3,1,Kea,,,,,
Kea,5,KE Zb 5,https://sigla.phis.me/document/KE%20Zb%205/,Sherd,1,0,Kea,,,,,
Khania,213,KH 1,https://sigla.phis.me/document/KH%201/,Tablet,3,1,Khania,LM IB,,4.3,3,1.1
Khania,213,KH 10,https://sigla.phis.me/document/KH%2010/,Tablet,14,4,Khania,LM IB,,10.2,6.4,1.1
Khania,213,KH 100,https://sigla.phis.me/document/KH%20100/,Tablet,7,3,Khania,LM IB,,3.15,4.5,1.1
Khania,213,KH 11,https://sigla.phis.me/document/KH%2011/,Tablet,29,3,Khania,LM IB,,8.2,11.1,0.8
Khania,213,KH 12,https://sigla.phis.me/document/KH%2012/,Tablet,8,1,Khania,LM IB,,7.2,7.1,1
Khania,213,KH 13,https://sigla.phis.me/document/KH%2013/,Tablet,8,2,Khania,LM IB,,5.9,8.6,0.9
Khania,213,KH 14,https://sigla.phis.me/document/KH%2014/,Tablet,11,3,Khania,LM IB,,7.6,4.4,0.9
Khania,213,KH 15,https://sigla.phis.me/document/KH%2015/,Tablet,3,0,Khania,LM IB,,4,4.9,0.7
Khania,213,KH 16,https://sigla.phis.me/document/KH%2016/,Tablet,8,2,Khania,LM IB,,4.9,5.2,1
Khania,213,KH 17,https://sigla.phis.me/document/KH%2017/,Tablet,3,1,Khania,LM IB,,3.3,4.5,0.9
Khania,213,KH 18,https://sigla.phis.me/document/KH%2018/,Tablet,10,1,Khania,LM IB,,6.9,5.3,1
Khania,213,KH 19,https://sigla.phis.me/document/KH%2019/,Tablet,3,0,Khania,LM IB,,4.9,4.6,0.9
Khania,213,KH 2,https://sigla.phis.me/document/KH%202/,Tablet,6,2,Khania,LM IB,,3.6,2.7,1
Khania,213,KH 20,https://sigla.phis.me/document/KH%2020/,Tablet,10,2,Khania,LM IB,,10.3,10.1,1
Khania,213,KH 21,https://sigla.phis.me/document/KH%2021/,Tablet,5,1,Khania,LM IB,,5.3,5.4,0.9
Khania,213,KH 22,https://sigla.phis.me/document/KH%2022/,Tablet,6,1,Khania,LM IB,,5.3,3.9,0.8
Khania,213,KH 23,https://sigla.phis.me/document/KH%2023/,Tablet,4,1,Khania,LM IB,,2.9,4,1
Khania,213,KH 24,https://sigla.phis.me/document/KH%2024/,Tablet,3,2,Khania,LM IB,,4,3,1
Khania,213,KH 25,https://sigla.phis.me/document/KH%2025/,Tablet,2,0,Khania,LM IB,,3.1,3.7,1.2
Khania,213,KH 26,https://sigla.phis.me/document/KH%2026/,Tablet,4,0,Khania,LM IB,,4.4,3.3,1
Khania,213,KH 27,https://sigla.phis.me/document/KH%2027/,Tablet,3,0,Khania,LM IB,,3.5,4,0.8
Khania,213,KH 28,https://sigla.phis.me/document/KH%2028/,Tablet,2,1,Khania,LM IB,,3.3,3.2,1.1
Khania,213,KH 29,https://sigla.phis.me/document/KH%2029/,Tablet,7,3,Khania,LM IB,,3.4,5,1
Khania,213,KH 3,https://sigla.phis.me/document/KH%203/,Tablet,1,1,Khania,LM IB,,2.6,2.1,0.7
Khania,213,KH 30,https://sigla.phis.me/document/KH%2030/,Tablet,1,0,Khania,LM IB,,4.3,4.8,0.9
Khania,213,KH 31,https://sigla.phis.me/document/KH%2031/,Tablet,2,0,Khania,LM IB,,2.6,5,0.9
Khania,213,KH 32,https://sigla.phis.me/document/KH%2032/,Tablet,2,1,Khania,LM IB,,2.6,4,0.7
Khania,213,KH 33,https://sigla.phis.me/document/KH%2033/,Tablet,3,1,Khania,LM IB,,2.2,2.2,0.9
Khania,213,KH 34,https://sigla.phis.me/document/KH%2034/,Tablet,2,0,Khania,LM IB,,2.9,2.1,0.6
Khania,213,KH 35,https://sigla.phis.me/document/KH%2035/,Tablet,2,1,Khania,LM IB,,3.1,2,0.6
Khania,213,KH 36,https://sigla.phis.me/document/KH%2036/,Tablet,3,2,Khania,LM IB,,3.6,3.2,0.8
Khania,213,KH 37,https://sigla.phis.me/document/KH%2037/,Tablet,3,1,Khania,LM IB,,6.4,3.1,0.6
Khania,213,KH 38,https://sigla.phis.me/document/KH%2038/,Tablet,1,0,Khania,LM IB,,2.2,3,0.4
Khania,213,KH 39,https://sigla.phis.me/document/KH%2039/,Tablet,4,1,Khania,LM IB,,3.2,2.2,1
Khania,213,KH 4,https://sigla.phis.me/document/KH%204/,Tablet,6,2,Khania,LM IB,,4,3.5,1.2
Khania,213,KH 40,https://sigla.phis.me/document/KH%2040/,Tablet,3,1,Khania,LM IB,,2.6,2.5,1
Khania,213,KH 41,https://sigla.phis.me/document/KH%2041/,Tablet,3,1,Khania,LM IB,,2.8,3.5,0.9
Khania,213,KH 42,https://sigla.phis.me/document/KH%2042/,Tablet,1,0,Khania,LM IB,,2.6,2.4,1.1
Khania,213,KH 43,https://sigla.phis.me/document/KH%2043/,Tablet,2,0,Khania,LM IB,,3.9,2.8,1.1
Khania,213,KH 44,https://sigla.phis.me/document/KH%2044/,Tablet,2,2,Khania,LM IB,,2,2.6,0.6
Khania,213,KH 45,https://sigla.phis.me/document/KH%2045/,Tablet,1,1,Khania,LM IB,,1.7,2.6,0.7
Khania,213,KH 46,https://sigla.phis.me/document/KH%2046/,Tablet,1,0,Khania,LM IB,,2.4,1.4,0.4
Khania,213,KH 47,https://sigla.phis.me/document/KH%2047/,Tablet,5,4,Khania,LM IB,,2.5,3.8,1.1
Khania,213,KH 49,https://sigla.phis.me/document/KH%2049/,Tablet,3,2,Khania,LM IB,,2,3.7,0.8
Khania,213,KH 5,https://sigla.phis.me/document/KH%205/,Tablet,25,6,Khania,LM IB,,9.7,8.1,1.2
Khania,213,KH 50,https://sigla.phis.me/document/KH%2050/,Tablet,4,3,Khania,LM IB,,5.6,5.1,1.8
Khania,213,KH 51,https://sigla.phis.me/document/KH%2051/,Tablet,4,2,Khania,LM IB,,3.7,3.3,1
Khania,213,KH 52,https://sigla.phis.me/document/KH%2052/,Tablet,2,1,Khania,LM IB,,2,1.7,0.4
Khania,213,KH 53,https://sigla.phis.me/document/KH%2053/,Tablet,4,2,Khania,LM IB,,3.6,2.3,0.9
Khania,213,KH 54,https://sigla.phis.me/document/KH%2054/,Tablet,2,0,Khania,LM IB,,3.9,2.7,0.9
Khania,213,KH 55,https://sigla.phis.me/document/KH%2055/,Tablet,2,0,Khania,LM IB,,2.2,3.1,0.5
Khania,213,KH 56,https://sigla.phis.me/document/KH%2056/,Tablet,0,0,Khania,LM IB,,2.5,2.4,1
Khania,213,KH 57,https://sigla.phis.me/document/KH%2057/,Tablet,4,3,Khania,LM IB,,2.9,5,1.1
Khania,213,KH 58,https://sigla.phis.me/document/KH%2058/,Tablet,8,2,Khania,LM IB,,5.6,7.2,1.4
Khania,213,KH 59,https://sigla.phis.me/document/KH%2059/,Tablet,3,2,Khania,LM IB,,4.7,4.7,1.8
Khania,213,KH 6,https://sigla.phis.me/document/KH%206/,Tablet,31,7,Khania,LM IB,,8.3,13.7,1.8
Khania,213,KH 60,https://sigla.phis.me/document/KH%2060/,Tablet,9,2,Khania,LM IB,,5.3,5,0.9
Khania,213,KH 61,https://sigla.phis.me/document/KH%2061/,Tablet,7,2,Khania,LM IB,,3.1,6,0.8
Khania,213,KH 62,https://sigla.phis.me/document/KH%2062/,Tablet,1,1,Khania,LM IB,,3.1,4.5,1.2
Khania,213,KH 63,https://sigla.phis.me/document/KH%2063/,Tablet,2,1,Khania,LM IB,,3.1,2.5,0.6
Khania,213,KH 64,https://sigla.phis.me/document/KH%2064/,Tablet,3,2,Khania,LM IB,,1.1,2.9,1.2
Khania,213,KH 65,https://sigla.phis.me/document/KH%2065/,Tablet,1,1,Khania,LM IB,,2.5,1.1,0.5
Khania,213,KH 66,https://sigla.phis.me/document/KH%2066/,Tablet,0,0,Khania,LM IB,,2.9,1,0.7
Khania,213,KH 67,https://sigla.phis.me/document/KH%2067/,Tablet,1,1,Khania,LM IB,,3.1,3.7,0.5
Khania,213,KH 68,https://sigla.phis.me/document/KH%2068/,Tablet,3,1,Khania,LM IB,,2.1,1.6,0.5
Khania,213,KH 69,https://sigla.phis.me/document/KH%2069/,Tablet,1,1,Khania,LM IB,,1.5,1.9,0.6
Khania,213,KH 70,https://sigla.phis.me/document/KH%2070/,Tablet,2,1,Khania,LM IB,,3,2.6,0.8
Khania,213,KH 72,https://sigla.phis.me/document/KH%2072/,Tablet,1,1,Khania,LM IB,,1,1.9,0.8
Khania,213,KH 73,https://sigla.phis.me/document/KH%2073/,Tablet,7,2,Khania,LM IB,,6.6,4.4,1.7
Khania,213,KH 74,https://sigla.phis.me/document/KH%2074/,Tablet,7,3,Khania,LM IB,,3.6,3.6,1.2
Khania,213,KH 75,https://sigla.phis.me/document/KH%2075/,Tablet,6,0,Khania,LM IB,,4.7,3.1,1
Khania,213,KH 76,https://sigla.phis.me/document/KH%2076/,Tablet,4,1,Khania,LM IB,,2.4,2.4,0.7
Khania,213,KH 77,https://sigla.phis.me/document/KH%2077/,Tablet,3,1,Khania,LM IB,,3,2,0.9
Khania,213,KH 78,https://sigla.phis.me/document/KH%2078/,Tablet,0,0,Khania,LM IB,,2.1,2,2.1
Khania,213,KH 79+89,https://sigla.phis.me/document/KH%2079%2B89/,Tablet,10,4,Khania,LM IB,,8.7,8.2,0.9
Khania,213,KH 79,https://sigla.phis.me/document/KH%2079/,Tablet,3,1,Khania,LM IB,,3.6,3.2,0.7
Khania,213,KH 7a,https://sigla.phis.me/document/KH%207a/,Tablet,29,8,Khania,LM IB,,11.1,8.7,1.4
Khania,213,KH 7b,https://sigla.phis.me/document/KH%207b/,Tablet,12,2,Khania,LM IB,,11.1,8.7,1.4
Khania,213,KH 8,https://sigla.phis.me/document/KH%208/,Tablet,15,3,Khania,LM IB,,7.7,6.8,1.3
Khania,213,KH 80,https://sigla.phis.me/document/KH%2080/,Tablet,3,1,Khania,LM IB,,2.1,1.3,0.8
Khania,213,KH 81,https://sigla.phis.me/document/KH%2081/,Tablet,3,2,Khania,LM IB,,3,2.9,0.8
Khania,213,KH 82,https://sigla.phis.me/document/KH%2082/,Tablet,4,0,Khania,LM IB,,2.3,3.5,0.4
Khania,213,KH 83,https://sigla.phis.me/document/KH%2083/,Tablet,5,1,Khania,LM IB,,3.3,3.6,1
Khania,213,KH 84,https://sigla.phis.me/document/KH%2084/,Tablet,6,1,Khania,LM IB,,2.9,3.9,1.3
Khania,213,KH 85,https://sigla.phis.me/document/KH%2085/,Tablet,9,0,Khania,LM IB,,3.8,4.6,1.1
Khania,213,KH 86,https://sigla.phis.me/document/KH%2086/,Tablet,13,3,Khania,LM IB,,5.5,5.1,1.4
Khania,213,KH 88,https://sigla.phis.me/document/KH%2088/,Tablet,8,3,Khania,LM IB,,4.6,6,0.7
Khania,213,KH 9,https://sigla.phis.me/document/KH%209/,Tablet,16,2,Khania,LM IB,,6.8,10.9,0.9
Khania,213,KH 90,https://sigla.phis.me/document/KH%2090/,Tablet,7,2,Khania,LM IB,,4.1,2.8,0.7
Khania,213,KH 91,https://sigla.phis.me/document/KH%2091/,Tablet,13,1,Khania,LM IB,,4.4,8.7,0.8
Khania,213,KH 92,https://sigla.phis.me/document/KH%2092/,Tablet,11,4,Khania,LM IB,,8.3,4.9,1
Khania,213,KH 94,https://sigla.phis.me/document/KH%2094/,Tablet,3,3,Khania,LM IB,,2.2,3.2,1
Khania,213,KH 95,https://sigla.phis.me/document/KH%2095/,Tablet,2,2,Khania,LM IB,,4.3,3.3,1.05
Khania,213,KH 96,https://sigla.phis.me/document/KH%2096/,Tablet,3,0,Khania,LM IB,,3.9,2.4,0.7
Khania,213,KH 97,https://sigla.phis.me/document/KH%2097/,Tablet,5,1,Khania,LM IB,,3,2.9,0.9
Khania,213,KH 97a,https://sigla.phis.me/document/KH%2097a/,Tablet,4,3,Khania,LM IB,,3.1,2.9,1.2
Khania,213,KH 97b,https://sigla.phis.me/document/KH%2097b/,Tablet,3,3,Khania,LM IB,,3.1,2.9,1.2
Khania,213,KH 99,https://sigla.phis.me/document/KH%2099/,Tablet,10,3,Khania,LM IB,,4.9,5.1,0.8
Khania,213,KH Wa 1001α,https://sigla.phis.me/document/KH%20Wa%201001%CE%B1/,Nodule,1,0,Khania,LM IB,,,,
Khania,213,KH Wa 1001γ,https://sigla.phis.me/document/KH%20Wa%201001%CE%B3/,Nodule,1,0,Khania,LM IB,,,,
Khania,213,KH Wa 1002α,https://sigla.phis.me/document/KH%20Wa%201002%CE%B1/,Nodule,1,1,Khania,LM IB,bull,,,
Khania,213,KH Wa 1002γ,https://sigla.phis.me/document/KH%20Wa%201002%CE%B3/,Nodule,1,1,Khania,LM IB,bull,,,
Khania,213,KH Wa 1003,https://sigla.phis.me/document/KH%20Wa%201003/,Nodule,3,1,Khania,LM IB,bull,,,
Khania,213,KH Wa 1004,https://sigla.phis.me/document/KH%20Wa%201004/,Nodule,2,0,Khania,LM IB,bull,,,
Khania,213,KH Wa 1005,https://sigla.phis.me/document/KH%20Wa%201005/,Nodule,1,0,Khania,LM IB,butterfly,,,
Khania,213,KH Wa 1006,https://sigla.phis.me/document/KH%20Wa%201006/,Nodule,1,0,Khania,LM IB,butterfly,,,
Khania,213,KH Wa 1007,https://sigla.phis.me/document/KH%20Wa%201007/,Nodule,1,0,Khania,LM IB,butterfly,,,
Khania,213,KH Wa 1008,https://sigla.phis.me/document/KH%20Wa%201008/,Nodule,1,0,Khania,LM IB,butterfly,,,
Khania,213,KH Wa 1009,https://sigla.phis.me/document/KH%20Wa%201009/,Nodule,1,0,Khania,LM IB,butterfly,,,
Khania,213,KH Wa 1010,https://sigla.phis.me/document/KH%20Wa%201010/,Nodule,1,0,Khania,LM IB,butterfly,,,
Khania,213,KH Wa 1011,https://sigla.phis.me/document/KH%20Wa%201011/,Nodule,1,0,Khania,LM IB,butterfly,,,
Khania,213,KH Wa 1012,https://sigla.phis.me/document/KH%20Wa%201012/,Nodule,1,0,Khania,LM IB,butterfly,,,
Khania,213,KH Wa 1013α,https://sigla.phis.me/document/KH%20Wa%201013%CE%B1/,Nodule,1,1,Khania,LM IB,waterbird and dolphin,,,
Khania,213,KH Wa 1013γ,https://sigla.phis.me/document/KH%20Wa%201013%CE%B3/,Nodule,1,1,Khania,LM IB,waterbird and dolphin,,,
Khania,213,KH Wa 1014α,https://sigla.phis.me/document/KH%20Wa%201014%CE%B1/,Nodule,1,1,Khania,LM IB,waterbird and nautilus,,,
Khania,213,KH Wa 1014γ,https://sigla.phis.me/document/KH%20Wa%201014%CE%B3/,Nodule,1,1,Khania,LM IB,waterbird and nautilus,,,
Khania,213,KH Wa 1015α,https://sigla.phis.me/document/KH%20Wa%201015%CE%B1/,Nodule,1,1,Khania,LM IB,waterbird and nautilus,,,
Khania,213,KH Wa 1015γ,https://sigla.phis.me/document/KH%20Wa%201015%CE%B3/,Nodule,1,1,Khania,LM IB,waterbird and nautilus,,,
Khania,213,KH Wa 1016α,https://sigla.phis.me/document/KH%20Wa%201016%CE%B1/,Nodule,1,1,Khania,LM IB,waterbird and nautilus,,,
Khania,213,KH Wa 1016γ,https://sigla.phis.me/document/KH%20Wa%201016%CE%B3/,Nodule,1,1,Khania,LM IB,waterbird and nautilus,,,
Khania,213,KH Wa 1017,https://sigla.phis.me/document/KH%20Wa%201017/,Nodule,1,0,Khania,LM IB,bull,,,
Khania,213,KH Wa 1018,https://sigla.phis.me/document/KH%20Wa%201018/,Nodule,1,0,Khania,LM IB,goat with suckling baby,,,
Khania,213,KH Wa 1019,https://sigla.phis.me/document/KH%20Wa%201019/,Nodule,1,0,Khania,LM IB,lion,,,
Khania,213,KH Wa 1020,https://sigla.phis.me/document/KH%20Wa%201020/,Nodule,1,0,Khania,LM IB,lion,,,
Khania,213,KH Wc 2001,https://sigla.phis.me/document/KH%20Wc%202001/,Roundel,1,0,Khania,LM IB,two lions couchants,4.9,4.4,1.5
Khania,213,KH Wc 2002,https://sigla.phis.me/document/KH%20Wc%202002/,Roundel,1,0,Khania,LM IB,two lions couchants,4.8,4.8,1.4
Khania,213,KH Wc 2004,https://sigla.phis.me/document/KH%20Wc%202004/,Roundel,1,0,Khania,LM IB,waterbird flying,3,6.7,1.6
Khania,213,KH Wc 2005,https://sigla.phis.me/document/KH%20Wc%202005/,Roundel,4,1,Khania,LM IB,three monkeys,3.6,3.4,1.1
Khania,213,KH Wc 2006,https://sigla.phis.me/document/KH%20Wc%202006/,Roundel,1,0,Khania,LM IB,two goat heads,4.5,4.4,1.6
Khania,213,KH Wc 2007,https://sigla.phis.me/document/KH%20Wc%202007/,Roundel,1,0,Khania,LM IB,two goat heads,2.7,2.3,1
Khania,213,KH Wc 2008,https://sigla.phis.me/document/KH%20Wc%202008/,Roundel,1,1,Khania,LM IB,two goat heads,4.5,4.7,1.3
Khania,213,KH Wc 2009,https://sigla.phis.me/document/KH%20Wc%202009/,Roundel,1,1,Khania,LM IB,two goat heads,4.4,4.2,1.4
Khania,213,KH Wc 2010,https://sigla.phis.me/document/KH%20Wc%202010/,Roundel,1,0,Khania,LM IB,two goat heads,6.9,7,1.6
Khania,213,KH Wc 2011,https://sigla.phis.me/document/KH%20Wc%202011/,Roundel,1,0,Khania,LM IB,two goat heads,3.3,3.4,0.8
Khania,213,KH Wc 2012,https://sigla.phis.me/document/KH%20Wc%202012/,Roundel,1,0,Khania,LM IB,two goat heads,4.7,5,1.2
Khania,213,KH Wc 2013,https://sigla.phis.me/document/KH%20Wc%202013/,Roundel,1,0,Khania,LM IB,two goat heads,3.4,4,1
Khania,213,KH Wc 2014,https://sigla.phis.me/document/KH%20Wc%202014/,Roundel,1,0,Khania,LM IB,two goat heads,3.3,3.4,1.4
Khania,213,KH Wc 2015,https://sigla.phis.me/document/KH%20Wc%202015/,Roundel,1,0,Khania,LM IB,two goat heads,3,2.9,0.9
Khania,213,KH Wc 2016,https://sigla.phis.me/document/KH%20Wc%202016/,Roundel,1,0,Khania,LM IB,two goat heads,3.3,3.1,0.8
Khania,213,KH Wc 2017,https://sigla.phis.me/document/KH%20Wc%202017/,Roundel,1,0,Khania,LM IB,butterfly,3.5,3.3,1.3
Khania,213,KH Wc 2018,https://sigla.phis.me/document/KH%20Wc%202018/,Roundel,1,0,Khania,LM IB,butterfly,3.1,2.8,1.2
Khania,213,KH Wc 2019,https://sigla.phis.me/document/KH%20Wc%202019/,Roundel,1,0,Khania,LM IB,two lions,6.3,6.2,1.6
Khania,213,KH Wc 2020,https://sigla.phis.me/document/KH%20Wc%202020/,Roundel,1,0,Khania,LM IB,two lions,5.6,6.4,1.4
Khania,213,KH Wc 2021,https://sigla.phis.me/document/KH%20Wc%202021/,Roundel,1,0,Khania,LM IB,talismanic papyrus/lion mask,3.6,3.5,1.6
Khania,213,KH Wc 2022,https://sigla.phis.me/document/KH%20Wc%202022/,Roundel,1,0,Khania,LM IB,two goat heads,3.4,4.8,0.8
Khania,213,KH Wc 2023,https://sigla.phis.me/document/KH%20Wc%202023/,Roundel,1,0,Khania,LM IB,,4.3,2.9,0.5
Khania,213,KH Wc 2024,https://sigla.phis.me/document/KH%20Wc%202024/,Roundel,1,0,Khania,LM IB,,3.9,4.4,0.8
Khania,213,KH Wc 2025,https://sigla.phis.me/document/KH%20Wc%202025/,Roundel,1,0,Khania,LM IB,,2.6,2.1,0.6
Khania,213,KH Wc 2026,https://sigla.phis.me/document/KH%20Wc%202026/,Roundel,1,0,Khania,LM IB,cow & calf,3.1,2.7,1
Khania,213,KH Wc 2027,https://sigla.phis.me/document/KH%20Wc%202027/,Roundel,1,0,Khania,LM IB,woman at shrine,3.9,3.7,1.3
Khania,213,KH Wc 2028,https://sigla.phis.me/document/KH%20Wc%202028/,Roundel,1,0,Khania,LM IB,cow licking suckling calf,3.1,3,1
Khania,213,KH Wc 2029,https://sigla.phis.me/document/KH%20Wc%202029/,Roundel,1,0,Khania,LM IB,two facing goat heads,4.6,4.5,1.4
Khania,213,KH Wc 2030,https://sigla.phis.me/document/KH%20Wc%202030/,Roundel,1,0,Khania,LM IB,two facing goat heads,4.4,4.1,1.5
Khania,213,KH Wc 2031,https://sigla.phis.me/document/KH%20Wc%202031/,Roundel,1,0,Khania,LM IB,two facing goat heads,4.2,4.5,1.7
Khania,213,KH Wc 2032,https://sigla.phis.me/document/KH%20Wc%202032/,Roundel,1,0,Khania,LM IB,butterfly,6.3,4,1.2
Khania,213,KH Wc 2033,https://sigla.phis.me/document/KH%20Wc%202033/,Roundel,1,0,Khania,LM IB,papyrus/lion-mask,4.2,4,1.6
Khania,213,KH Wc 2034,https://sigla.phis.me/document/KH%20Wc%202034/,Roundel,1,0,Khania,LM IB,2 lions couchants,3.8,3.8,1.5
Khania,213,KH Wc 2035,https://sigla.phis.me/document/KH%20Wc%202035/,Roundel,1,1,Khania,LM IB,2 lions couchants,3.1,2.7,1.1
Khania,213,KH Wc 2036,https://sigla.phis.me/document/KH%20Wc%202036/,Roundel,1,0,Khania,LM IB,butterfly,2.7,2.7,1.1
Khania,213,KH Wc 2037,https://sigla.phis.me/document/KH%20Wc%202037/,Roundel,1,0,Khania,LM IB,butterfly,3,3,1.1
Khania,213,KH Wc 2038,https://sigla.phis.me/document/KH%20Wc%202038/,Roundel,1,0,Khania,LM IB,butterfly,2.3,2.2,1.1
Khania,213,KH Wc 2039,https://sigla.phis.me/document/KH%20Wc%202039/,Roundel,1,0,Khania,LM IB,butterfly,2.6,2.4,1
Khania,213,KH Wc 2040,https://sigla.phis.me/document/KH%20Wc%202040/,Roundel,1,0,Khania,LM IB,butterfly,2.3,2.7,1.3
Khania,213,KH Wc 2041,https://sigla.phis.me/document/KH%20Wc%202041/,Roundel,1,0,Khania,LM IB,butterfly,2.5,2.7,1.3
Khania,213,KH Wc 2042,https://sigla.phis.me/document/KH%20Wc%202042/,Roundel,1,0,Khania,LM IB,butterfly,2.4,2.3,1.1
Khania,213,KH Wc 2043,https://sigla.phis.me/document/KH%20Wc%202043/,Roundel,1,0,Khania,LM IB,bird flying right,2.9,2.2,1.2
Khania,213,KH Wc 2044,https://sigla.phis.me/document/KH%20Wc%202044/,Roundel,1,0,Khania,LM IB,bird flying right,2.7,3,1.1
Khania,213,KH Wc 2045,https://sigla.phis.me/document/KH%20Wc%202045/,Roundel,61,0,Khania,LM IB,,2.7,2.5,1
Khania,213,KH Wc 2046,https://sigla.phis.me/document/KH%20Wc%202046/,Roundel,1,0,Khania,LM IB,cow licking suckling calf,3.3,3.4,1.3
Khania,213,KH Wc 2047,https://sigla.phis.me/document/KH%20Wc%202047/,Roundel,2,0,Khania,LM IB,cow licking suckling calf,3.5,3.6,1.6
Khania,213,KH Wc 2048,https://sigla.phis.me/document/KH%20Wc%202048/,Roundel,1,0,Khania,LM IB,cow licking suckling calf,3.3,3,1.3
Khania,213,KH Wc 2049,https://sigla.phis.me/document/KH%20Wc%202049/,Roundel,1,0,Khania,LM IB,cow licking suckling calf,4.7,4.5,1.7
Khania,213,KH Wc 2050,https://sigla.phis.me/document/KH%20Wc%202050/,Roundel,1,0,Khania,LM IB,cow licking suckling calf,3.6,3.7,1.3
Khania,213,KH Wc 2051,https://sigla.phis.me/document/KH%20Wc%202051/,Roundel,1,0,Khania,LM IB,cow licking suckling calf,2.9,3.2,1.4
Khania,213,KH Wc 2052,https://sigla.phis.me/document/KH%20Wc%202052/,Roundel,1,0,Khania,LM IB,cow licking suckling calf,3.4,3.3,1.5
Khania,213,KH Wc 2053,https://sigla.phis.me/document/KH%20Wc%202053/,Roundel,1,0,Khania,LM IB,dog standing up,3.3,3.5,1.5
Khania,213,KH Wc 2054,https://sigla.phis.me/document/KH%20Wc%202054/,Roundel,1,0,Khania,LM IB,papyrus/lion mask,4.4,3.8,1.6
Khania,213,KH Wc 2055,https://sigla.phis.me/document/KH%20Wc%202055/,Roundel,1,0,Khania,LM IB,woman at shrine,4.7,4.6,1.6
Khania,213,KH Wc 2056,https://sigla.phis.me/document/KH%20Wc%202056/,Roundel,1,0,Khania,LM IB,lion scratching,6,5.9,1.4
Khania,213,KH Wc 2057,https://sigla.phis.me/document/KH%20Wc%202057/,Roundel,2,0,Khania,LM IB,lion scratching,5.9,6.2,1.4
Khania,213,KH Wc 2058,https://sigla.phis.me/document/KH%20Wc%202058/,Roundel,1,0,Khania,LM IB,cow licking suckling calf,6.2,6,1
Khania,213,KH Wc 2059,https://sigla.phis.me/document/KH%20Wc%202059/,Roundel,1,0,Khania,LM IB,woman at shrine,7,7.4,1.3
Khania,213,KH Wc 2060,https://sigla.phis.me/document/KH%20Wc%202060/,Roundel,1,0,Khania,LM IB,man restraining collared dog,4.8,3.5,0.9
Khania,213,KH Wc 2061,https://sigla.phis.me/document/KH%20Wc%202061/,Roundel,1,0,Khania,LM IB,,2.7,3.1,0.5
Khania,213,KH Wc 2062,https://sigla.phis.me/document/KH%20Wc%202062/,Roundel,1,0,Khania,LM IB,2 lion couchants,6.9,5.5,1.6
Khania,213,KH Wc 2064,https://sigla.phis.me/document/KH%20Wc%202064/,Roundel,1,0,Khania,LM IB,cow licking suckling calf,2.8,3.2,1.2
Khania,213,KH Wc 2065,https://sigla.phis.me/document/KH%20Wc%202065/,Roundel,2,0,Khania,LM IB,monkey sitting left,2.2,2.2,1.1
Khania,213,KH Wc 2066,https://sigla.phis.me/document/KH%20Wc%202066/,Roundel,1,0,Khania,LM IB,2 facing goat heads,2.6,2.5,1
Khania,213,KH Wc 2067,https://sigla.phis.me/document/KH%20Wc%202067/,Roundel,2,0,Khania,LM IB,griffin lying down,3.2,3.5,1.4
Khania,213,KH Wc 2068,https://sigla.phis.me/document/KH%20Wc%202068/,Roundel,1,0,Khania,LM IB,griffin lying down,3.7,3.5,1.5
Khania,213,KH Wc 2069,https://sigla.phis.me/document/KH%20Wc%202069/,Roundel,1,0,Khania,LM IB,2 facing goat heads,3.2,3.6,1.1
Khania,213,KH Wc 2070a,https://sigla.phis.me/document/KH%20Wc%202070a/,Roundel,1,0,Khania,LM IB,2 facing goat heads,4,4.5,1.2
Khania,213,KH Wc 2070b,https://sigla.phis.me/document/KH%20Wc%202070b/,Roundel,1,0,Khania,LM IB,2 facing goat heads,4,4.5,1.2
Khania,213,KH Wc 2084,https://sigla.phis.me/document/KH%20Wc%202084/,Roundel,1,0,Khania,LM IB,2 lions lying down,1.5,4,1.5
Khania,213,KH Wc 2097,https://sigla.phis.me/document/KH%20Wc%202097/,Roundel,1,0,Khania,LM IB,girl with scepter in front of woman sitting on shrine,2.5,6,1.7
Khania,213,KH Wc 2098,https://sigla.phis.me/document/KH%20Wc%202098/,Roundel,1,0,Khania,LM IB,cow licking suckling calf,2.9,1.1,1
Khania,213,KH Wc 2099,https://sigla.phis.me/document/KH%20Wc%202099/,Roundel,1,0,Khania,LM IB,cow licking suckling calf,2.9,2.7,1.4
Khania,213,KH Wc 2100,https://sigla.phis.me/document/KH%20Wc%202100/,Roundel,3,1,Khania,LM IB,waterbirds swimming,3.9,4.2,1.5
Khania,213,KH Wc 2101,https://sigla.phis.me/document/KH%20Wc%202101/,Roundel,1,0,Khania,LM IB,2 lions lying down,4.8,5,1.1
Khania,213,KH Wc 2102,https://sigla.phis.me/document/KH%20Wc%202102/,Roundel,1,0,Khania,LM IB,2 lions lying down,2.8,3.1,1.1
Khania,213,KH Wc 2103,https://sigla.phis.me/document/KH%20Wc%202103/,Roundel,1,0,Khania,LM IB,2 lions lying down,3.7,3.6,1.1
Khania,213,KH Wc 2104,https://sigla.phis.me/document/KH%20Wc%202104/,Roundel,1,0,Khania,LM IB,2 lions lying down,4.9,5.3,1
Khania,213,KH Wc 2105,https://sigla.phis.me/document/KH%20Wc%202105/,Roundel,1,0,Khania,LM IB,2 lions lying down,4.5,4.7,1.3
Khania,213,KH Wc 2106,https://sigla.phis.me/document/KH%20Wc%202106/,Roundel,1,0,Khania,LM IB,2 facing goat heads,4.7,4.8,1.6
Khania,213,KH Wc 2109,https://sigla.phis.me/document/KH%20Wc%202109/,Roundel,1,0,Khania,LM IB,,2.4,1.9,0.4
Khania,213,KH Wc 2110,https://sigla.phis.me/document/KH%20Wc%202110/,Roundel,1,0,Khania,LM IB,2 lions lying down,4,4.3,1.2
Khania,213,KH Wc 2111,https://sigla.phis.me/document/KH%20Wc%202111/,Roundel,1,0,Khania,LM IB,butterfly,2.2,2.5,1.3
Khania,213,KH Wc 2113,https://sigla.phis.me/document/KH%20Wc%202113/,Roundel,1,0,Khania,LM IB,cow licking suckling calf,2.5,2.2,0.8
Khania,213,KH Wc 2114,https://sigla.phis.me/document/KH%20Wc%202114/,Roundel,1,0,Khania,LM IB,,2.7,3,0.5
Khania,213,KH Wc 2115,https://sigla.phis.me/document/KH%20Wc%202115/,Roundel,1,0,Khania,LM IB,2 lions lying down,3.5,4.4,1.5
Khania,213,KH Wc 2117a,https://sigla.phis.me/document/KH%20Wc%202117a/,Roundel,1,0,Khania,LM IB,woman at oar,5.8,3.1,1.2
Khania,213,KH Wc 2117b,https://sigla.phis.me/document/KH%20Wc%202117b/,Roundel,1,0,Khania,LM IB,woman at oar,5.8,3.1,1.2
Khania,213,KH Wc 2118,https://sigla.phis.me/document/KH%20Wc%202118/,Roundel,1,0,Khania,LM IB,two lions,4.8,5.4,1.6
Knossos,31,KN 1a,https://sigla.phis.me/document/KN%201a/,Tablet,4,1,Knossos,LM IA,,3.9,5.2,0.9
Knossos,31,KN 1b,https://sigla.phis.me/document/KN%201b/,Tablet,5,1,Knossos,LM IA,,3.9,5.2,0.9
Knossos,31,KN 2,https://sigla.phis.me/document/KN%202/,Tablet,4,1,Knossos,LM IA,,4.6,4.7,1
Knossos,31,KN 22a,https://sigla.phis.me/document/KN%2022a/,Tablet,6,2,Knossos,,,5.1,2.4,1.2
Knossos,31,KN 22b,https://sigla.phis.me/document/KN%2022b/,Tablet,3,1,Knossos,,,5.1,2.4,1.2
Knossos,31,KN 22c,https://sigla.phis.me/document/KN%2022c/,Tablet,6,1,Knossos,LM IA,,5.1,2.4,1.2
Knossos,31,KN 28a,https://sigla.phis.me/document/KN%2028a/,Tablet,4,0,Knossos,LM IA,,2.9,4,0.9
Knossos,31,KN 28b,https://sigla.phis.me/document/KN%2028b/,Tablet,6,2,Knossos,LM IA,,2.9,4,0.9
Knossos,31,KN 32a,https://sigla.phis.me/document/KN%2032a/,Tablet,7,2,Knossos,,,2.6,1.8,0.5
Knossos,31,KN 32b,https://sigla.phis.me/document/KN%2032b/,Tablet,10,5,Knossos,,,2.6,1.8,0.5
Knossos,31,KN Wb 33a,https://sigla.phis.me/document/KN%20Wb%2033a/,Sealing,2,1,Knossos,MM IIIB,architectonic cushion seal,2,2,2
Knossos,31,KN Wb 33b,https://sigla.phis.me/document/KN%20Wb%2033b/,Sealing,3,1,Knossos,MM IIIB,architectonic cushion seal,2,2,2
Knossos,31,KN Wc <24a>,https://sigla.phis.me/document/KN%20Wc%20%3C24a%3E/,Roundel,3,1,Knossos,,,2,2,1.5
Knossos,31,KN Wc <24b>,https://sigla.phis.me/document/KN%20Wc%20%3C24b%3E/,Roundel,1,0,Knossos,,,2,2,1.5
Knossos,31,KN Wc <25>,https://sigla.phis.me/document/KN%20Wc%20%3C25%3E/,Roundel,1,0,Knossos,,,3.5,3.5,1.5
Knossos,31,KN Wc 26a,https://sigla.phis.me/document/KN%20Wc%2026a/,Roundel,2,1,Knossos,,papyrus,3,2.5,1.2
Knossos,31,KN Wc 26b,https://sigla.phis.me/document/KN%20Wc%2026b/,Roundel,2,1,Knossos,,papyrus,3,2.5,1.2
Knossos,31,KN Wc 29,https://sigla.phis.me/document/KN%20Wc%2029/,Roundel,1,0,Knossos,MM IIIB,recumbent deer,5,5,1.6
Knossos,31,KN Wc 3,https://sigla.phis.me/document/KN%20Wc%203/,Roundel,3,1,Knossos,MM IIIB,"three rosettes (no. 116), cross and dot (no. 121)",2.5,2,1.5
Knossos,31,KN Wc 30,https://sigla.phis.me/document/KN%20Wc%2030/,Roundel,2,1,Knossos,MM IIIB,"architectonic (no. 91), cross (no. 122), recumbent bull (no. 479)",3.3,2.2,1.7
Knossos,31,KN Zb 20,https://sigla.phis.me/document/KN%20Zb%2020/,Sherd,3,1,Knossos,LM IA,,,,
Knossos,31,KN Zb 34,https://sigla.phis.me/document/KN%20Zb%2034/,Pithos,1,0,Knossos,LM IA,,,,
Knossos,31,KN Zb 35,https://sigla.phis.me/document/KN%20Zb%2035/,Pithos,5,3,Knossos,MM III,,,,
Knossos,31,KN Zb 4,https://sigla.phis.me/document/KN%20Zb%204/,Sherd,5,3,Knossos,,,,,
Knossos,31,KN Zb 40,https://sigla.phis.me/document/KN%20Zb%2040/,Pithoid jar,6,2,Knossos,LM II,,,,
Knossos,31,KN Zb 5,https://sigla.phis.me/document/KN%20Zb%205/,Clay vase,5,1,Knossos,MM IIIB,,,,
Knossos,31,KN Zc 6,https://sigla.phis.me/document/KN%20Zc%206/,Cup,23,4,Knossos,MM III?,,,,
Knossos,31,KN Zc 7,https://sigla.phis.me/document/KN%20Zc%207/,Cup,20,4,Knossos,MM III?,,,,
Knossos,31,KN Ze 16,https://sigla.phis.me/document/KN%20Ze%2016/,Architecture,2,1,Knossos,LM II,,,,
Knossos,31,KN Zf 13,https://sigla.phis.me/document/KN%20Zf%2013/,Jewellery,19,1,Knossos,MM III-LM IA,,,,
Knossos,31,KN Zg <21>,https://sigla.phis.me/document/KN%20Zg%20%3C21%3E/,Stone weight,1,0,Knossos,LM IA,,,,
Kythera,1,KY Zg 1,https://sigla.phis.me/document/KY%20Zg%201/,Clay weight,1,0,Kythera,,,,,
Mallia,20,MA 10a,https://sigla.phis.me/document/MA%2010a/,Tablet,4,1,Mallia,MM IIIB,,8.5,2.5,2.8
Mallia,20,MA 10b,https://sigla.phis.me/document/MA%2010b/,Tablet,10,1,Mallia,MM IIIB,,8.5,2.5,2.8
Mallia,20,MA 10c,https://sigla.phis.me/document/MA%2010c/,Tablet,3,0,Mallia,MM IIIB,,8.5,2.5,2.8
Mallia,20,MA 10d,https://sigla.phis.me/document/MA%2010d/,Tablet,2,0,Mallia,MM IIIB,,8.5,2.5,2.8
Mallia,20,MA 1a,https://sigla.phis.me/document/MA%201a/,Tablet,8,2,Mallia,MM IIIB,,8.9,2,1.8
Mallia,20,MA 1b,https://sigla.phis.me/document/MA%201b/,Tablet,7,2,Mallia,MM IIIB,,8.9,2,1.8
Mallia,20,MA 1c,https://sigla.phis.me/document/MA%201c/,Tablet,1,1,Mallia,MM IIIB,,8.9,2,1.8
Mallia,20,MA 2a,https://sigla.phis.me/document/MA%202a/,Tablet,2,1,Mallia,MM IIIB,,5,2.2,2.2
Mallia,20,MA 2b,https://sigla.phis.me/document/MA%202b/,Tablet,7,4,Mallia,MM IIIB,,5,2.2,2.2
Mallia,20,MA 2c,https://sigla.phis.me/document/MA%202c/,Tablet,7,2,Mallia,MM IIIB,,5,2.2,2.2
Mallia,20,MA 4a,https://sigla.phis.me/document/MA%204a/,Tablet,5,0,Mallia,MM IIIB,,9.5,3.7,1.7
Mallia,20,MA 4b,https://sigla.phis.me/document/MA%204b/,Tablet,4,1,Mallia,MM IIIB,,9.5,3.7,1.7
Mallia,20,MA 6a,https://sigla.phis.me/document/MA%206a/,Tablet,2,0,Mallia,MM IIIB,,9.5,4.5,1.9
Mallia,20,MA 6b,https://sigla.phis.me/document/MA%206b/,Tablet,1,0,Mallia,MM IIIB,,9.5,4.5,1.9
Mallia,20,MA 6c,https://sigla.phis.me/document/MA%206c/,Tablet,3,0,Mallia,MM IIIB,,9.5,4.5,1.9
Mallia,20,MA 6d,https://sigla.phis.me/document/MA%206d/,Tablet,1,0,Mallia,MM IIIB,,9.5,4.5,1.9
Mallia,20,MA 9,https://sigla.phis.me/document/MA%209/,Tablet,0,0,Mallia,MM IIIB,,4.4,2.9,1.5
Mallia,20,MA Wc <5a>,https://sigla.phis.me/document/MA%20Wc%20%3C5a%3E/,Roundel,4,1,Mallia,unknown,two birds,2.7,2.5,0.5
Mallia,20,MA Wc <5b>,https://sigla.phis.me/document/MA%20Wc%20%3C5b%3E/,Roundel,1,0,Mallia,unknown,two birds,2.7,2.5,0.5
Mallia,20,MA Wc 7,https://sigla.phis.me/document/MA%20Wc%207/,Roundel,1,0,Mallia,MM IIIB,lion?,4,4.8,1.5
Melos,1,MI 2,https://sigla.phis.me/document/MI%202/,Tablet,5,3,Melos,LM I,,2.5,4.7,0.8
Mycenae,1,MY Zf 2,https://sigla.phis.me/document/MY%20Zf%202/,Metal engraving,1,1,Mycenae,,,,,
Papoura,1,PA 1,https://sigla.phis.me/document/PA%201/,Tablet,5,1,Papoura,LM IB,,6,3.8,1.2
Phaistos,63,PH 10,https://sigla.phis.me/document/PH%2010/,Tablet,4,1,Phaistos,MM IIB,,4.1,2.8,1
Phaistos,63,PH 12a,https://sigla.phis.me/document/PH%2012a/,Tablet,4,1,Phaistos,MM IIB,,5.2,2.2,0.8
Phaistos,63,PH 12b,https://sigla.phis.me/document/PH%2012b/,Tablet,1,1,Phaistos,MM IIB,,5.2,2.2,0.8
Phaistos,63,PH 12c,https://sigla.phis.me/document/PH%2012c/,Tablet,1,0,Phaistos,MM IIB,,0.8,2.2,5.2
Phaistos,63,PH 13a,https://sigla.phis.me/document/PH%2013a/,Tablet,2,1,Phaistos,MM IIB,,3.3,2.4,0.9
Phaistos,63,PH 13b,https://sigla.phis.me/document/PH%2013b/,Tablet,1,1,Phaistos,MM IIB,,3.3,2.4,0.9
Phaistos,63,PH 13c,https://sigla.phis.me/document/PH%2013c/,Tablet,2,1,Phaistos,MM IIB,,3.3,2.4,0.9
Phaistos,63,PH 14a,https://sigla.phis.me/document/PH%2014a/,Tablet,3,1,Phaistos,MM IIB,,3.3,2.8,0.8
Phaistos,63,PH 14b,https://sigla.phis.me/document/PH%2014b/,Tablet,2,1,Phaistos,MM IIB,,3.3,2.8,0.8
Phaistos,63,PH 15a,https://sigla.phis.me/document/PH%2015a/,Tablet,4,1,Phaistos,MM IIB,,4,2.5,1
Phaistos,63,PH 15b,https://sigla.phis.me/document/PH%2015b/,Tablet,3,1,Phaistos,MM IIB,,4,2.5,1
Phaistos,63,PH 16a,https://sigla.phis.me/document/PH%2016a/,Tablet,7,2,Phaistos,MM IIB,,3.5,3.7,1.2
Phaistos,63,PH 16b,https://sigla.phis.me/document/PH%2016b/,Tablet,6,2,Phaistos,MM IIB,,3.5,3.7,1.2
Phaistos,63,PH 17a,https://sigla.phis.me/document/PH%2017a/,Tablet,1,1,Phaistos,MM IIB,,2.7,4,4.1
Phaistos,63,PH 17b,https://sigla.phis.me/document/PH%2017b/,Tablet,1,1,Phaistos,MM IIB,,2.7,4,4.1
Phaistos,63,PH 18a,https://sigla.phis.me/document/PH%2018a/,Tablet,3,1,Phaistos,MM IIB,,2.8,1.9,1.2
Phaistos,63,PH 18b,https://sigla.phis.me/document/PH%2018b/,Tablet,1,1,Phaistos,MM IIB,,2.8,1.9,1.2
Phaistos,63,PH 19,https://sigla.phis.me/document/PH%2019/,Tablet,2,1,Phaistos,MM IIB,,2.8,1.9,1.1
Phaistos,63,PH 1a,https://sigla.phis.me/document/PH%201a/,Tablet,9,2,Phaistos,MM IIIB,,3.5,4.7,0.9
Phaistos,63,PH 1b,https://sigla.phis.me/document/PH%201b/,Tablet,4,1,Phaistos,MM IIIB,,3.5,4.7,0.9
Phaistos,63,PH 2,https://sigla.phis.me/document/PH%202/,Tablet,15,4,Phaistos,,,4.8,5,1.1
Phaistos,63,PH 22a,https://sigla.phis.me/document/PH%2022a/,Tablet,0,0,Phaistos,MM IIB,,3.3,2.2,0.8
Phaistos,63,PH 22b,https://sigla.phis.me/document/PH%2022b/,Tablet,1,1,Phaistos,MM IIB,,3.3,2.2,0.8
Phaistos,63,PH 24,https://sigla.phis.me/document/PH%2024/,Label,2,1,Phaistos,MM IIB,,1.5,1,0.3
Phaistos,63,PH 25,https://sigla.phis.me/document/PH%2025/,Tablet,2,1,Phaistos,MM IIB,,3.8,3.7,1
Phaistos,63,PH 26,https://sigla.phis.me/document/PH%2026/,Tablet,2,1,Phaistos,MM IIB,,3.6,2.1,0.5
Phaistos,63,PH 27,https://sigla.phis.me/document/PH%2027/,Tablet,3,2,Phaistos,MM IIB,,1.8,2.1,0.9
Phaistos,63,PH 28a,https://sigla.phis.me/document/PH%2028a/,Tablet,10,3,Phaistos,MM IIB,,3.8,5,1.8
Phaistos,63,PH 28b,https://sigla.phis.me/document/PH%2028b/,Tablet,2,1,Phaistos,MM IIB,,3.8,5,1.8
Phaistos,63,PH 29a,https://sigla.phis.me/document/PH%2029a/,Tablet,1,1,Phaistos,,,3,3.4,0.6
Phaistos,63,PH 29b,https://sigla.phis.me/document/PH%2029b/,Tablet,1,1,Phaistos,,,3,3.4,0.6
Phaistos,63,PH 30,https://sigla.phis.me/document/PH%2030/,Tablet,8,2,Phaistos,MM IIB,,3.8,2,0.8
Phaistos,63,PH 31a,https://sigla.phis.me/document/PH%2031a/,Tablet,22,6,Phaistos,,,6.7,5.2,0.9
Phaistos,63,PH 31b,https://sigla.phis.me/document/PH%2031b/,Tablet,25,7,Phaistos,,,6.7,5.2,0.9
Phaistos,63,PH 3a,https://sigla.phis.me/document/PH%203a/,Tablet,10,3,Phaistos,MM IIIB,,5.3,7.3,0.9
Phaistos,63,PH 3b,https://sigla.phis.me/document/PH%203b/,Tablet,5,3,Phaistos,MM IIIB,,5.3,7.3,0.9
Phaistos,63,PH 6,https://sigla.phis.me/document/PH%206/,Tablet,18,5,Phaistos,MM IIB,,3,5.4,0.8
Phaistos,63,PH 7a,https://sigla.phis.me/document/PH%207a/,Tablet,15,4,Phaistos,MM IIB,,5.3,7.2,1.1
Phaistos,63,PH 7b,https://sigla.phis.me/document/PH%207b/,Tablet,4,2,Phaistos,MM IIB,,5.3,7.2,1.1
Phaistos,63,PH 8a,https://sigla.phis.me/document/PH%208a/,Tablet,4,0,Phaistos,MM IIB,,3.2,4.7,1
Phaistos,63,PH 8b,https://sigla.phis.me/document/PH%208b/,Tablet,2,0,Phaistos,MM IIB,,3.2,4.7,1
Phaistos,63,PH 9a,https://sigla.phis.me/document/PH%209a/,Tablet,3,1,Phaistos,MM IIB,,4.6,2.6,1
Phaistos,63,PH 9b,https://sigla.phis.me/document/PH%209b/,Tablet,2,0,Phaistos,MM IIB,,4.6,2.6,1
Phaistos,63,PH Wa 32,https://sigla.phis.me/document/PH%20Wa%2032/,Nodule,4,1,Phaistos,MM III,,,,
Phaistos,63,PH Wb 33a,https://sigla.phis.me/document/PH%20Wb%2033a/,Sealing,1,0,Phaistos,MM II,weave pattern,2.3,2.2,1.1
Phaistos,63,PH Wb 33b,https://sigla.phis.me/document/PH%20Wb%2033b/,Sealing,1,0,Phaistos,MM II,weave pattern,2.3,2.2,1.1
Phaistos,63,PH Wb 34,https://sigla.phis.me/document/PH%20Wb%2034/,Sealing,1,0,Phaistos,MM II,petaloid loop,2.9,2.7,2.6
Phaistos,63,PH Wb 35,https://sigla.phis.me/document/PH%20Wb%2035/,Sealing,1,0,Phaistos,MM II,antithetic C,1.4,1.2,0.9
Phaistos,63,PH Wb 36,https://sigla.phis.me/document/PH%20Wb%2036/,Sealing,1,0,Phaistos,MM II,,2.6,2.4,1.3
Phaistos,63,PH Wc <47>,https://sigla.phis.me/document/PH%20Wc%20%3C47%3E/,Roundel,1,0,Phaistos,MM II,,2.3,3.5,0.7
Phaistos,63,PH Wc 37a,https://sigla.phis.me/document/PH%20Wc%2037a/,Roundel,3,1,Phaistos,MM II,rosette,3.1,3,0.8
Phaistos,63,PH Wc 37b,https://sigla.phis.me/document/PH%20Wc%2037b/,Roundel,1,0,Phaistos,MM II,rosette,3.1,3,0.8
Phaistos,63,PH Wc 38,https://sigla.phis.me/document/PH%20Wc%2038/,Roundel,3,1,Phaistos,MM II,null,3.7,3.8,1
Phaistos,63,PH Wc 39a,https://sigla.phis.me/document/PH%20Wc%2039a/,Roundel,2,1,Phaistos,MM II,triton shell,3,3,0.9
Phaistos,63,PH Wc 39b,https://sigla.phis.me/document/PH%20Wc%2039b/,Roundel,1,0,Phaistos,MM II,triton shell,3,3,0.9
Phaistos,63,PH Wc 40a,https://sigla.phis.me/document/PH%20Wc%2040a/,Roundel,3,1,Phaistos,MM II,null,2.9,2.7,0.9
Phaistos,63,PH Wc 40b,https://sigla.phis.me/document/PH%20Wc%2040b/,Roundel,1,0,Phaistos,MM II,null,2.9,2.7,0.9
Phaistos,63,PH Wc 41,https://sigla.phis.me/document/PH%20Wc%2041/,Roundel,2,0,Phaistos,MM II,cross and dot,2,2.1,1
Phaistos,63,PH Wc 42,https://sigla.phis.me/document/PH%20Wc%2042/,Roundel,1,0,Phaistos,MM II,,1.7,1.7,0.4
Phaistos,63,PH Wc 43,https://sigla.phis.me/document/PH%20Wc%2043/,Roundel,1,0,Phaistos,MM II,,1.4,1.9,0.8
Phaistos,63,PH Wc 44,https://sigla.phis.me/document/PH%20Wc%2044/,Roundel,1,0,Phaistos,MM II,thumbprint,2.8,3.7,2.1
Phaistos,63,PH Wc 45,https://sigla.phis.me/document/PH%20Wc%2045/,Roundel,3,1,Phaistos,MM II,,2.3,2.5,2.5
Phaistos,63,PH Wc 46,https://sigla.phis.me/document/PH%20Wc%2046/,Roundel,2,0,Phaistos,MM II,,2.3,3.5,0.7
Psykhro,1,PS Za 2,https://sigla.phis.me/document/PS%20Za%202/,Libation table,16,5,Psykhro,,,,,
Pyrgos,2,PYR 1,https://sigla.phis.me/document/PYR%201/,Tablet,7,1,Pyrgos,,,4.9,3.6,1.2
Pyrgos,2,PYR 2,https://sigla.phis.me/document/PYR%202/,Tablet,2,0,Pyrgos,,,2.7,1.8,0.5
Syme,1,SY Za 4,https://sigla.phis.me/document/SY%20Za%204/,Libation table,13,3,Syme,,,,,
Tylissos,3,TY 2,https://sigla.phis.me/document/TY%202/,Tablet,47,13,Tylissos,LM IB,,6.6,8.7,1
Tylissos,3,TY 3a,https://sigla.phis.me/document/TY%203a/,Tablet,38,5,Tylissos,LM IB,,9,12,1.2
Tylissos,3,TY 3b,https://sigla.phis.me/document/TY%203b/,Tablet,14,3,Tylissos,LM IB,,9,12,1.2
Zakros,44,ZA 10a,https://sigla.phis.me/document/ZA%2010a/,Tablet,29,7,Zakros,LM IB,,5.1,8.6,1.2
Zakros,44,ZA 10b,https://sigla.phis.me/document/ZA%2010b/,Tablet,34,11,Zakros,LM IB,,5.1,8.6,1.2
Zakros,44,ZA 11a,https://sigla.phis.me/document/ZA%2011a/,Tablet,24,5,Zakros,LM IB,,6.6,8.6,1.1
Zakros,44,ZA 11b,https://sigla.phis.me/document/ZA%2011b/,Tablet,15,4,Zakros,LM IB,,6.6,8.6,1.1
Zakros,44,ZA 12a,https://sigla.phis.me/document/ZA%2012a/,Tablet,3,0,Zakros,LM IB,,6.7,4.6,1.4
Zakros,44,ZA 12b,https://sigla.phis.me/document/ZA%2012b/,Tablet,4,0,Zakros,LM IB,,6.7,4.6,1.4
Zakros,44,ZA 13,https://sigla.phis.me/document/ZA%2013/,Tablet,3,1,Zakros,LM IB,,5.9,5.9,0.9
Zakros,44,ZA 14,https://sigla.phis.me/document/ZA%2014/,Tablet,24,8,Zakros,LM IB,,7.3,7.6,1.2
Zakros,44,ZA 15a,https://sigla.phis.me/document/ZA%2015a/,Tablet,34,9,Zakros,LM IB,,5.5,10.5,1.4
Zakros,44,ZA 15b,https://sigla.phis.me/document/ZA%2015b/,Tablet,7,2,Zakros,LM IB,,5.5,10.5,1.4
Zakros,44,ZA 16,https://sigla.phis.me/document/ZA%2016/,Tablet,6,3,Zakros,LM IB,,7,11.5,1.4
Zakros,44,ZA 18a,https://sigla.phis.me/document/ZA%2018a/,Tablet,9,2,Zakros,LM IB,,9.4,8.8,0.5
Zakros,44,ZA 18b,https://sigla.phis.me/document/ZA%2018b/,Tablet,0,0,Zakros,LM IB,,4.3,5.4,0.4
Zakros,44,ZA 19,https://sigla.phis.me/document/ZA%2019/,Tablet,3,1,Zakros,LM IB,,2.2,2.2,1.6
Zakros,44,ZA 1a,https://sigla.phis.me/document/ZA%201a/,Tablet,6,1,Zakros,LM I general,,4.9,6.7,1.2
Zakros,44,ZA 1b,https://sigla.phis.me/document/ZA%201b/,Tablet,5,2,Zakros,LM I general,,4.9,6.7,1.2
Zakros,44,ZA 20,https://sigla.phis.me/document/ZA%2020/,Tablet,21,8,Zakros,LM IB,,6.5,5.7,1.2
Zakros,44,ZA 21a,https://sigla.phis.me/document/ZA%2021a/,Tablet,15,9,Zakros,LM IB,,7,12,1.5
Zakros,44,ZA 21b,https://sigla.phis.me/document/ZA%2021b/,Tablet,8,6,Zakros,LM IB,,7,12,1.5
Zakros,44,ZA 22,https://sigla.phis.me/document/ZA%2022/,Tablet,7,2,Zakros,LM IB,,5.4,9.5,1.6
Zakros,44,ZA 23,https://sigla.phis.me/document/ZA%2023/,Tablet,4,2,Zakros,LM IB,,3.4,5.6,1.3
Zakros,44,ZA 24a,https://sigla.phis.me/document/ZA%2024a/,Tablet,3,1,Zakros,LM IB,,3.7,3.7,0.9
Zakros,44,ZA 24b,https://sigla.phis.me/document/ZA%2024b/,Tablet,1,1,Zakros,LM IB,,3.7,3.7,0.9
Zakros,44,ZA 25,https://sigla.phis.me/document/ZA%2025/,Tablet,1,1,Zakros,LM IB,,1,1.2,0.5
Zakros,44,ZA 26a,https://sigla.phis.me/document/ZA%2026a/,Tablet,8,4,Zakros,LM IB,,4.1,2.9,0.7
Zakros,44,ZA 26b,https://sigla.phis.me/document/ZA%2026b/,Tablet,1,0,Zakros,LM IB,,4.1,2.9,0.7
Zakros,44,ZA 27,https://sigla.phis.me/document/ZA%2027/,Tablet,4,2,Zakros,LM IB,,4.5,2.5,0.5
Zakros,44,ZA 28,https://sigla.phis.me/document/ZA%2028/,Tablet,1,0,Zakros,LM IB,,1.6,1.3,0.6
Zakros,44,ZA 29,https://sigla.phis.me/document/ZA%2029/,Tablet,2,2,Zakros,LM IB,,2.9,2.3,1.9
Zakros,44,ZA 30,https://sigla.phis.me/document/ZA%2030/,Tablet,0,0,Zakros,LM IB,,2.7,1.9,1.1
Zakros,44,ZA 31,https://sigla.phis.me/document/ZA%2031/,Tablet,1,1,Zakros,LM IB,,1.6,1.9,1.3
Zakros,44,ZA 32,https://sigla.phis.me/document/ZA%2032/,Tablet,1,1,Zakros,LM IB,,2.6,2.4,0.9
Zakros,44,ZA 33,https://sigla.phis.me/document/ZA%2033/,Tablet,0,0,Zakros,LM IB,,2,1.4,1.1
Zakros,44,ZA 4a,https://sigla.phis.me/document/ZA%204a/,Tablet,30,10,Zakros,LM IB,,7.3,12.3,1.4
Zakros,44,ZA 4b,https://sigla.phis.me/document/ZA%204b/,Tablet,1,0,Zakros,LM IB,,7.3,12.3,1.4
Zakros,44,ZA 5a,https://sigla.phis.me/document/ZA%205a/,Tablet,15,4,Zakros,LM IB,,7.2,13.2,1.5
Zakros,44,ZA 5b,https://sigla.phis.me/document/ZA%205b/,Tablet,11,3,Zakros,LM IB,,7.2,13.2,1.5
Zakros,44,ZA 6a,https://sigla.phis.me/document/ZA%206a/,Tablet,20,6,Zakros,LM IB,,8.9,15.9,1.3
Zakros,44,ZA 6b,https://sigla.phis.me/document/ZA%206b/,Tablet,15,4,Zakros,LM IB,,8.9,15.9,1.3
Zakros,44,ZA 7a,https://sigla.phis.me/document/ZA%207a/,Tablet,9,3,Zakros,LM IB,,7.4,6.1,1.4
Zakros,44,ZA 7b,https://sigla.phis.me/document/ZA%207b/,Tablet,2,1,Zakros,LM IB,,7.4,6.1,1.4
Zakros,44,ZA 8,https://sigla.phis.me/document/ZA%208/,Tablet,30,8,Zakros,LM IB,,5.9,8.2,0.9
Zakros,44,ZA 9,https://sigla.phis.me/document/ZA%209/,Tablet,28,8,Zakros,LM IB,,6.2,10.3,1.4
Zakros,44,ZA Wc 2,https://sigla.phis.me/document/ZA%20Wc%202/,Roundel,8,2,Zakros,LM IB,woman,3,2,1.2
